film_id,film_title,category,total_rental_revenue,total_rentals,avg_revenue_per_rental,last_rental_date,inventory_count,avg_rental_duration
943,Villain Desperate,Documentary,0.0,0,0.0,,0.0,
148,Chocolate Duck,Foreign,0.0,0,0.0,,0.0,
33,Apollo Teen,Drama,0.0,0,0.0,,0.0,
386,Gump Date,Travel,0.0,0,0.0,,0.0,
607,Muppet Mile,Foreign,0.0,0,0.0,,0.0,
36,Argonauts Town,Animation,0.0,0,0.0,,0.0,
38,Ark Ridgemont,Action,0.0,0,0.0,,0.0,
860,Suicides Silence,Sci-Fi,0.0,0,0.0,,0.0,
41,Arsenic Independence,Travel,0.0,0,0.0,,0.0,
701,Psycho Shrunk,Games,0.0,0,0.0,,0.0,
221,Deliverance Mulholland,Documentary,0.0,0,0.0,,0.0,
217,Dazed Punk,Games,0.0,0,0.0,,0.0,
669,Pearl Destiny,Foreign,0.0,0,0.0,,0.0,
801,Sister Freddy,Children,0.0,0,0.0,,0.0,
671,Perdition Fargo,Sports,0.0,0,0.0,,0.0,
802,Sky Miracle,Action,0.0,0,0.0,,0.0,
87,Boondock Ballroom,Travel,0.0,0,0.0,,0.0,
198,Crystal Breaking,Foreign,0.0,0,0.0,,0.0,
955,Walls Artist,Children,0.0,0,0.0,,0.0,
318,Firehouse Vietnam,Action,0.0,0,0.0,,0.0,
954,Wake Jaws,New,0.0,0,0.0,,0.0,
195,Crowds Telemark,Sci-Fi,0.0,0,0.0,,0.0,
419,Hocus Frida,Family,0.0,0,0.0,,0.0,
192,Crossing Divorce,Foreign,0.0,0,0.0,,0.0,
950,Volume House,Classics,0.0,0,0.0,,0.0,
404,Hate Handicap,Comedy,0.0,0,0.0,,0.0,
325,Floats Garden,Animation,0.0,0,0.0,,0.0,
171,Commandments Express,Horror,0.0,0,0.0,,0.0,
332,Frankenstein Stranger,Comedy,0.0,0,0.0,,0.0,
742,Roof Champion,Games,0.0,0,0.0,,0.0,
128,Catch Amistad,Foreign,0.0,0,0.0,,0.0,
495,Kentuckian Giant,Horror,0.0,0,0.0,,0.0,
497,Kill Brotherhood,Documentary,0.0,0,0.0,,0.0,
642,Order Betrayed,Travel,0.0,0,0.0,,0.0,
359,Gladiator Westward,Family,0.0,0,0.0,,0.0,
14,Alice Fantasia,Classics,0.0,0,0.0,,0.0,
713,Rainbow Shock,Documentary,0.0,0,0.0,,0.0,
108,Butch Panther,New,0.0,0,0.0,,0.0,
874,Tadpole Park,Classics,0.0,0,0.0,,0.0,
909,Treasure Command,Horror,0.0,0,0.0,,0.0,
144,Chinatown Gladiator,New,0.0,0,0.0,,0.0,
712,Raiders Antitrust,Documentary,0.0,0,0.0,,0.0,
879,Telegraph Voyage,Music,215.75,27,7.99074074074074,2005-08-23 08:27:57,7.0,6.04
1000,Zorro Ark,Comedy,199.72,31,6.442580645161289,2005-08-23 17:56:01,8.0,4.428571428571429
973,Wife Turn,Documentary,198.73,31,6.410645161290322,2005-08-23 14:47:26,8.0,4.370370370370369
460,Innocent Usual,Foreign,191.74,26,7.374615384615384,2005-08-22 15:22:15,8.0,4.5
444,Hustler Party,Comedy,190.78,22,8.671818181818182,2005-08-23 09:42:21,8.0,5.954545454545455
764,Saturday Lambs,Sports,190.74,28,6.812142857142857,2005-08-23 19:42:04,8.0,4.692307692307692
893,Titans Jerk,Sci-Fi,186.73,29,6.438965517241379,2006-02-14 15:16:03,8.0,5.038461538461538
403,Harry Idaho,Drama,177.73,30,5.924333333333333,2006-02-14 15:16:03,8.0,4.961538461538462
897,Torque Bound,Drama,169.76,27,6.287407407407408,2006-02-14 15:16:03,8.0,4.5
239,Dogma Family,Animation,168.72,30,5.624,2005-08-23 05:24:29,8.0,4.392857142857143
670,Pelican Comforts,Documentary,165.77,26,6.375769230769231,2005-08-23 21:07:59,7.0,5.217391304347825
369,Goodfellas Salute,Sci-Fi,164.75,31,5.314516129032258,2005-08-23 18:08:19,8.0,4.52
327,Fool Mockingbird,Action,162.79,23,7.077826086956522,2005-08-22 07:37:24,6.0,5.0
31,Apache Divine,Family,160.72,31,5.184516129032257,2005-08-23 15:10:42,8.0,3.7857142857142856
284,Enemy Odds,Music,159.75,29,5.508620689655173,2005-08-21 10:10:01,7.0,4.64
127,Cat Coneheads,Comedy,159.73,30,5.324333333333333,2006-02-14 15:16:03,8.0,4.461538461538462
771,Scorpion Apollo,Drama,158.79,23,6.903913043478261,2005-08-23 22:19:33,7.0,4.7142857142857135
715,Range Moonwalker,Family,158.77,27,5.88037037037037,2005-08-23 11:35:12,7.0,4.0
767,Scalawag Duck,Music,157.71,32,4.9284375,2005-08-23 17:13:01,8.0,3.8620689655172415
865,Sunrise League,Animation,155.78,24,6.490833333333333,2005-08-22 11:01:15,6.0,4.2727272727272725
527,Lola Agent,Horror,154.77,24,6.44875,2005-08-22 11:36:16,6.0,5.0
551,Maiden Home,New,152.78,24,6.365833333333333,2005-08-23 06:00:28,6.0,4.3181818181818175
938,Velvet Terminator,Comedy,152.77,26,5.875769230769231,2005-08-23 18:46:44,6.0,3.9565217391304346
159,Closer Bang,Comedy,152.76,28,5.4557142857142855,2005-08-22 21:28:59,7.0,4.958333333333333
103,Bucket Brotherhood,Travel,150.72,34,4.432941176470588,2005-08-23 21:49:22,8.0,4.571428571428571
846,Sting Personal,New,149.8,21,7.133333333333333,2005-08-23 22:21:03,8.0,4.75
892,Titanic Boondock,Animation,149.78,23,6.512173913043479,2006-02-14 15:16:03,7.0,4.2
563,Massacre Usual,Games,149.75,30,4.991666666666666,2005-08-23 17:02:00,7.0,5.24
624,Nightmare Chill,Games,148.79,25,5.9516,2005-08-23 20:40:31,7.0,4.238095238095238
941,Videotape Arsenic,Games,148.76,29,5.129655172413793,2005-08-22 15:29:15,7.0,3.9166666666666665
21,American Circus,Action,146.81,22,6.673181818181818,2006-02-14 15:16:03,6.0,5.111111111111112
979,Witches Panic,Drama,146.75,30,4.891666666666667,2005-08-23 09:16:39,7.0,5.16
791,Show Lord,Documentary,145.78,25,5.8312,2005-08-23 16:58:12,6.0,3.5454545454545454
579,Minds Truman,Action,144.81,20,7.2405,2005-08-22 14:27:46,7.0,4.7894736842105265
989,Working Microcosmos,Travel,144.78,25,5.7912,2005-08-23 02:06:01,6.0,4.636363636363637
985,Wonderland Christmas,Sci-Fi,142.79,22,6.490454545454545,2005-08-23 19:54:24,7.0,4.333333333333333
408,Head Stranger,Games,142.79,22,6.490454545454545,2005-08-23 04:51:52,7.0,4.428571428571429
972,Whisperer Giant,Sci-Fi,141.8,22,6.445454545454545,2005-08-23 13:41:05,6.0,5.2
330,Forrester Comancheros,Animation,141.74,27,5.24962962962963,2006-02-14 15:16:03,7.0,5.0
48,Backlash Undefeated,Children,140.84,19,7.412631578947368,2005-08-23 15:15:02,4.0,6.25
244,Dorado Notting,Music,140.78,27,5.214074074074073,2005-08-23 18:48:40,7.0,5.409090909090909
86,Boogie Amelie,Music,140.74,29,4.853103448275863,2006-02-14 15:16:03,8.0,4.083333333333333
778,Secrets Paradise,Family,139.82,20,6.991,2005-08-22 21:01:48,6.0,5.0
580,Mine Titans,New,138.83,19,7.306842105263159,2005-08-23 20:20:23,6.0,5.529411764705881
838,Stagecoach Armageddon,Action,138.77,26,5.337307692307692,2005-08-23 16:19:02,6.0,4.434782608695652
683,Pity Bound,Drama,138.77,26,5.337307692307692,2005-08-23 21:25:03,8.0,4.304347826086957
745,Roses Treasure,Sports,137.77,28,4.920357142857143,2005-08-23 18:15:06,8.0,3.9565217391304346
856,Streetcar Intentions,Horror,137.77,25,5.5108,2005-08-23 02:08:18,8.0,3.739130434782609
307,Fellowship Autumn,Travel,137.76,26,5.298461538461538,2005-08-22 13:39:20,6.0,5.083333333333333
843,Steel Santa,Classics,136.78,23,5.946956521739129,2005-08-23 17:16:28,7.0,3.9090909090909087
174,Confidential Interview,Music,136.76,29,4.715862068965516,2005-08-23 15:22:15,8.0,4.875
911,Trip Newton,Action,135.74,28,4.847857142857143,2005-08-23 11:37:32,8.0,3.6538461538461537
324,Flintstones Happiness,Comedy,134.83,17,7.931176470588235,2005-08-22 23:08:46,5.0,5.176470588235294
350,Garden Island,Sci-Fi,134.82,20,6.741,2005-08-23 10:23:28,8.0,4.888888888888888
267,Eagles Panky,New,134.81,22,6.127727272727273,2006-02-14 15:16:03,6.0,5.388888888888888
861,Suit Walls,Games,134.81,21,6.41952380952381,2006-02-14 15:16:03,6.0,4.705882352941177
320,Flamingos Connecticut,New,134.78,23,5.86,2005-08-22 19:28:04,7.0,3.9090909090909087
45,Attraction Newton,New,133.78,24,5.574166666666667,2005-08-21 23:00:02,6.0,3.9090909090909087
902,Trading Pinocchio,Sports,133.77,25,5.3508,2006-02-14 15:16:03,7.0,5.0
271,Easy Gladiator,Action,132.8,23,5.77391304347826,2005-08-21 09:06:29,5.0,5.75
409,Heartbreakers Bright,Children,132.8,20,6.64,2005-08-23 18:54:32,7.0,3.8
263,Durham Panky,Sports,132.76,26,5.1061538461538465,2005-08-22 01:12:44,7.0,4.083333333333333
596,Moonshine Cabin,Games,131.8,21,6.276190476190476,2005-08-22 19:37:20,6.0,4.4
253,Drifter Commandments,Action,131.78,24,5.490833333333333,2006-02-14 15:16:03,6.0,4.142857142857143
614,Name Detective,Games,131.78,23,5.729565217391304,2006-02-14 15:16:03,6.0,4.190476190476192
10,Aladdin Calendar,Sports,131.77,23,5.729130434782609,2005-08-21 20:49:21,7.0,4.391304347826087
521,Lies Treatment,Drama,131.76,27,4.88,2005-08-20 23:07:10,7.0,4.833333333333333
172,Coneheads Smoochy,Drama,131.76,25,5.2704,2005-08-23 16:57:43,7.0,5.125
575,Midsummer Groundhog,Documentary,129.82,22,5.90090909090909,2005-08-21 19:59:30,6.0,3.888888888888889
227,Details Packer,Games,128.82,19,6.78,2006-02-14 15:16:03,5.0,5.352941176470588
706,Queen Luke,Drama,128.79,22,5.854090909090909,2006-02-14 15:16:03,6.0,4.55
898,Tourist Pelican,Sports,126.81,22,5.764090909090909,2005-08-21 12:48:48,5.0,4.526315789473684
755,Sabrina Midnight,Children,126.79,21,6.037619047619048,2005-08-21 20:53:40,7.0,4.0
518,Liaisons Sweet,Travel,126.79,22,5.763181818181818,2005-08-22 13:04:32,6.0,4.285714285714286
500,Kiss Glory,Foreign,126.79,22,5.763181818181818,2005-08-22 06:39:24,8.0,4.428571428571429
775,Seattle Expecations,Drama,125.8,24,5.241666666666666,2006-02-14 15:16:03,5.0,4.611111111111112
61,Beauty Grease,Drama,125.79,22,5.717727272727273,2005-08-23 21:34:33,6.0,4.095238095238095
603,Movie Shakespeare,Family,125.78,27,4.65851851851852,2006-02-14 15:16:03,6.0,4.590909090909091
361,Gleaming Jawbreaker,Sports,125.72,29,4.335172413793104,2006-02-14 15:16:03,8.0,5.846153846153847
135,Chance Resurrection,Sports,124.76,27,4.62074074074074,2005-08-23 16:30:55,7.0,4.541666666666666
112,Calendar Gunfight,Foreign,123.82,21,5.896190476190476,2005-08-23 00:49:24,7.0,4.666666666666666
412,Heavyweights Beast,Documentary,123.78,23,5.3817391304347835,2005-08-23 03:54:39,8.0,4.181818181818182
763,Satisfaction Confidential,Sports,122.84,17,7.225882352941176,2005-08-22 21:05:50,5.0,4.8125
995,Yentl Idaho,Horror,122.79,23,5.338695652173913,2005-08-23 18:50:54,6.0,4.190476190476192
167,Coma Head,Travel,122.77,26,4.721923076923077,2005-08-23 02:06:41,7.0,4.260869565217392
131,Center Dinosaur,Classics,121.79,24,5.074583333333333,2006-02-14 15:16:03,6.0,3.8
804,Sleeping Suspects,Horror,121.78,24,5.074166666666667,2006-02-14 15:16:03,7.0,4.523809523809524
698,Princess Giant,Documentary,121.77,27,4.51,2006-02-14 15:16:03,7.0,4.521739130434783
702,Pulp Beverly,Horror,121.74,30,4.058,2006-02-14 15:16:03,8.0,4.84
215,Dawn Pond,Games,120.83,18,6.712777777777777,2005-08-23 14:23:44,6.0,5.0588235294117645
501,Kissing Dolls,Action,120.83,20,6.0415,2005-08-23 16:33:33,5.0,3.882352941176471
818,Something Duck,Drama,120.82,19,6.3589473684210525,2005-08-20 17:24:45,5.0,4.555555555555556
908,Trap Guys,Foreign,119.85,16,7.490625,2005-08-22 23:48:56,4.0,4.933333333333333
680,Pinocchio Simon,Comedy,119.82,20,5.991,2005-08-23 21:30:45,6.0,4.666666666666666
710,Rage Games,Family,119.81,19,6.305789473684211,2005-08-23 21:02:43,6.0,3.842105263157895
73,Bingo Talented,Sci-Fi,119.75,29,4.129310344827585,2005-08-22 22:30:50,8.0,5.52
243,Doors President,Animation,118.82,19,6.253684210526316,2006-02-14 15:16:03,6.0,4.1875
222,Desert Poseidon,Horror,118.81,19,6.253157894736842,2005-08-23 18:40:41,6.0,4.157894736842104
556,Maltese Hope,Games,118.79,22,5.399545454545455,2005-08-23 16:43:54,7.0,3.9047619047619047
869,Suspects Quills,Action,118.73,30,3.9576666666666664,2006-02-14 15:16:03,7.0,4.461538461538462
313,Fidelity Devil,Horror,117.82,21,5.6104761904761915,2005-08-23 06:41:07,6.0,4.888888888888888
814,Snatch Slipper,Comedy,117.8,22,5.354545454545455,2005-08-23 15:34:46,7.0,5.45
415,High Encino,Horror,117.79,22,5.354090909090909,2005-08-22 16:55:26,6.0,4.809523809523809
964,Waterfront Deliverance,Action,116.84,17,6.872941176470588,2005-08-21 20:12:30,5.0,5.1875
572,Metropolis Coma,Sci-Fi,116.76,26,4.4907692307692315,2005-08-22 13:19:25,8.0,4.458333333333333
621,Network Peak,Family,116.73,31,3.7654838709677416,2005-08-23 09:07:11,8.0,5.0
734,Road Roxanne,Documentary,115.83,19,6.096315789473684,2005-08-23 14:29:16,6.0,4.764705882352941
439,Hunchback Impossible,Drama,115.83,20,5.7915,2006-02-14 15:16:03,6.0,4.75
334,Freddy Storm,Horror,115.79,23,5.0343478260869565,2005-08-23 00:30:26,6.0,4.809523809523809
69,Beverly Outlaw,Sci-Fi,115.79,21,5.513809523809524,2005-08-23 15:19:15,8.0,4.761904761904762
183,Conversation Downhill,Family,114.83,17,6.7547058823529404,2006-02-14 15:16:03,6.0,5.125
129,Cause Date,Documentary,114.81,21,5.467142857142857,2005-08-23 16:23:08,6.0,5.105263157894737
971,Whale Bikini,Foreign,113.85,18,6.325,2005-08-23 20:08:18,4.0,5.6
506,Lady Stage,Horror,113.84,17,6.696470588235295,2006-02-14 15:16:03,6.0,5.0
720,Redemption Comforts,New,113.8,20,5.69,2005-08-23 01:14:01,7.0,4.6
857,Strictly Scarface,Comedy,113.77,23,4.946521739130435,2005-08-23 20:23:08,7.0,4.173913043478261
777,Secretary Rouge,Sports,112.82,18,6.267777777777778,2005-08-22 23:19:44,6.0,5.0
6,Agent Truman,Foreign,111.81,21,5.324285714285714,2005-08-21 16:03:01,6.0,5.052631578947368
117,Candles Grapes,Games,111.8,23,4.860869565217391,2005-08-22 06:49:29,6.0,4.3
590,Money Harold,New,111.8,20,5.59,2005-08-22 10:55:45,7.0,4.65
583,Mission Zoolander,Animation,110.84,18,6.157777777777778,2005-08-22 04:51:42,5.0,4.0625
465,Interview Liaisons,New,110.82,20,5.541,2005-08-22 03:42:12,5.0,3.888888888888889
694,Prejudice Oleander,Classics,110.81,20,5.5405,2005-08-21 15:59:40,6.0,5.368421052631579
730,Ridgemont Submarine,New,110.72,32,3.46,2006-02-14 15:16:03,8.0,5.481481481481482
878,Teen Apollo,Travel,109.86,17,6.462352941176471,2005-08-21 03:32:03,4.0,4.857142857142857
785,Shawshank Bubble,Travel,109.81,19,5.779473684210527,2006-02-14 15:16:03,6.0,5.0
35,Arachnophobia Rollercoaster,Horror,109.77,24,4.57375,2005-08-22 23:26:32,7.0,4.956521739130435
433,Horn Working,Animation,109.77,24,4.57375,2005-08-23 10:04:36,6.0,4.173913043478261
109,Butterfly Chocolat,New,108.74,30,3.6246666666666663,2005-08-22 20:47:48,8.0,5.423076923076923
170,Command Darling,Foreign,107.84,16,6.74,2005-08-22 02:57:04,6.0,5.8125
354,Ghost Groundhog,Children,107.81,21,5.133809523809524,2006-02-14 15:16:03,5.0,4.944444444444445
676,Philadelphia Wife,Sports,107.8,23,4.68695652173913,2006-02-14 15:16:03,6.0,5.1
768,Scarface Bang,Children,106.84,18,5.935555555555556,2006-02-14 15:16:03,6.0,3.9333333333333327
827,Spice Sorority,Drama,106.81,20,5.3405,2005-08-23 03:01:56,6.0,3.3684210526315788
300,Falcon Volume,Animation,106.81,22,4.855,2006-02-14 15:16:03,6.0,4.176470588235294
100,Brooklyn Desert,Foreign,106.81,21,5.086190476190476,2005-08-22 03:20:26,6.0,5.052631578947368
946,Virtual Spoilers,Family,105.87,14,7.562142857142858,2005-08-23 13:22:56,4.0,5.538461538461538
346,Galaxy Sweethearts,Classics,105.84,18,5.88,2005-08-22 23:17:41,6.0,4.125
512,League Hellfighters,Classics,105.83,17,6.225294117647058,2005-08-21 23:17:26,6.0,4.705882352941177
139,Chasing Fight,Family,105.82,20,5.291,2006-02-14 15:16:03,6.0,5.388888888888888
725,Requiem Tycoon,Classics,105.82,19,5.569473684210527,2005-08-23 09:37:34,6.0,4.388888888888888
255,Driving Polish,Music,105.81,21,5.038571428571429,2005-08-22 20:22:40,6.0,4.7368421052631575
776,Secret Groundhog,Documentary,105.81,21,5.038571428571429,2005-08-22 20:27:38,5.0,4.157894736842104
723,Reign Gentlemen,Sci-Fi,105.81,20,5.2905,2005-08-23 13:43:26,7.0,5.0
162,Clueless Bucket,Action,105.77,25,4.2308,2005-08-23 10:25:45,7.0,4.478260869565218
854,Strangers Graffiti,Horror,104.86,17,6.168235294117647,2005-08-23 11:17:26,4.0,5.857142857142857
95,Breakfast Goldfinger,New,104.84,17,6.167058823529412,2005-08-23 18:59:33,5.0,4.875
484,Jerk Paycheck,Classics,104.81,20,5.2405,2005-08-23 12:26:19,7.0,4.842105263157896
961,Wash Heavenly,Foreign,104.8,23,4.556521739130434,2005-08-21 22:53:01,5.0,4.25
915,Truman Crazy,Action,104.8,23,4.556521739130434,2005-08-22 21:18:59,6.0,3.9
37,Arizona Bang,Classics,104.79,21,4.99,2005-08-23 05:08:58,7.0,3.9047619047619047
397,Hanky October,Sci-Fi,104.77,26,4.029615384615385,2005-08-23 18:23:30,7.0,5.304347826086957
919,Tycoon Gathering,Games,103.88,12,8.656666666666666,2005-08-23 06:18:43,4.0,5.916666666666666
578,Million Ace,Classics,103.83,20,5.1915,2005-08-23 02:05:51,5.0,3.8235294117647056
805,Sleepless Monsoon,Animation,103.83,20,5.1915,2006-02-14 15:16:03,5.0,4.5
637,Open African,Sci-Fi,103.81,21,4.9433333333333325,2005-08-23 17:39:35,5.0,4.421052631578947
25,Angels Life,New,103.8,22,4.718181818181818,2005-08-23 13:46:00,6.0,4.5
199,Cupboard Sinners,Documentary,103.78,23,4.512173913043479,2005-08-22 09:37:54,8.0,4.7727272727272725
378,Greatest North,Music,103.73,29,3.5768965517241376,2005-08-23 16:32:10,8.0,4.481481481481482
77,Birds Perdition,New,102.83,18,5.712777777777777,2005-08-23 10:36:00,6.0,3.882352941176471
922,Undefeated Dalmations,Horror,102.81,21,4.895714285714286,2005-08-23 13:29:08,7.0,4.0
823,South Wait,Action,102.79,22,4.672272727272727,2006-02-14 15:16:03,7.0,4.65
891,Timberland Sky,Classics,102.74,31,3.314193548387097,2005-08-23 00:53:57,7.0,5.192307692307692
331,Forward Temple,Games,102.74,32,3.210625,2005-08-23 12:29:24,8.0,5.0
44,Attacks Hate,Sci-Fi,101.84,16,6.365,2005-08-23 04:48:12,5.0,5.25
666,Paycheck Wait,Drama,101.84,16,6.365,2005-08-23 16:50:53,5.0,4.125
871,Sweden Shining,Comedy,101.83,18,5.657222222222223,2006-02-14 15:16:03,5.0,6.266666666666667
294,Expecations Natural,Travel,101.83,18,5.657222222222223,2005-08-22 09:33:08,5.0,4.647058823529412
895,Tomorrow Hustler,Classics,101.76,25,4.0704,2005-08-23 22:20:26,7.0,3.458333333333333
760,Samurai Lion,New,101.76,25,4.0704,2005-08-23 08:59:12,7.0,4.666666666666666
691,Poseidon Forever,Sports,100.83,17,5.931176470588235,2005-08-23 20:22:17,5.0,4.764705882352941
468,Invasion Cyclone,Children,100.74,27,3.7311111111111113,2005-08-23 17:00:12,8.0,4.115384615384616
356,Giant Troopers,Children,100.74,28,3.597857142857143,2005-08-22 16:57:02,8.0,3.8846153846153846
175,Confused Candles,Family,99.84,17,5.872941176470588,2005-08-20 16:17:27,5.0,5.625
845,Stepmom Dream,Foreign,99.81,20,4.9905,2005-08-22 22:12:02,7.0,4.894736842105263
502,Knock Warlock,Comedy,99.79,24,4.157916666666666,2005-08-22 10:14:33,7.0,4.952380952380952
285,English Bulworth,Sci-Fi,99.74,30,3.324666666666667,2005-08-23 18:43:11,7.0,5.076923076923077
392,Hall Cassidy,Children,98.84,16,6.1775,2005-08-23 19:51:30,6.0,4.5625
274,Egg Igby,Documentary,98.81,21,4.705238095238095,2005-08-22 07:19:05,7.0,5.473684210526316
101,Brotherhood Blanket,Documentary,98.77,26,3.7988461538461538,2005-08-22 22:57:25,6.0,5.608695652173913
887,Thief Pelican,Animation,97.84,19,5.149473684210526,2005-08-22 14:23:11,6.0,4.5
476,Jason Trap,Family,97.77,24,4.07375,2006-02-14 15:16:03,7.0,4.7272727272727275
738,Rocketeer Mother,Foreign,97.72,33,2.961212121212121,2005-08-23 20:10:13,8.0,4.9642857142857135
382,Grit Clockwork,Games,97.72,32,3.05375,2005-08-23 13:46:27,8.0,4.892857142857143
789,Shock Cabin,Foreign,96.71,30,3.223666666666667,2006-02-14 15:16:03,8.0,5.0
483,Jericho Mulan,Games,95.84,17,5.6376470588235295,2005-08-23 18:20:56,5.0,5.3125
456,Inch Jet,Animation,95.82,18,5.323333333333332,2005-08-23 09:53:30,6.0,4.111111111111112
759,Salute Apollo,New,95.8,23,4.165217391304348,2005-08-22 19:09:52,6.0,4.35
349,Gangs Pride,Animation,95.78,27,3.5474074074074076,2005-08-23 16:34:31,7.0,4.363636363636364
445,Hyde Doctor,Classics,95.76,26,3.683076923076923,2006-02-14 15:16:03,6.0,3.8181818181818175
71,Bilko Anonymous,Family,94.88,13,7.298461538461537,2005-08-23 14:55:47,4.0,4.666666666666666
365,Gold River,Comedy,94.86,14,6.775714285714286,2005-08-22 19:44:59,4.0,4.785714285714286
570,Mermaid Insects,Sports,94.85,16,5.928125,2005-08-22 07:04:25,5.0,4.6
336,French Holiday,Documentary,94.84,17,5.578823529411765,2005-08-22 09:54:54,5.0,4.375
370,Gorgeous Bingo,Children,94.83,19,4.991052631578947,2006-02-14 15:16:03,5.0,6.0625
668,Peak Forever,Sports,94.82,20,4.741,2005-08-23 15:08:00,5.0,4.055555555555556
304,Fargo Gandhi,Children,94.79,24,3.949583333333333,2005-08-22 06:29:34,6.0,3.476190476190476
665,Patton Interview,Horror,94.79,23,4.121304347826087,2005-08-23 08:52:50,7.0,4.285714285714286
319,Fish Opus,Sci-Fi,94.78,25,3.7912,2005-08-23 17:57:35,7.0,4.3181818181818175
295,Expendable Stallion,Documentary,94.74,28,3.383571428571429,2005-08-23 12:47:37,8.0,4.769230769230769
835,Spy Mile,Games,94.73,27,3.5085185185185184,2005-08-22 16:37:36,8.0,4.555555555555556
216,Day Unfaithful,New,93.88,14,6.7057142857142855,2006-02-14 15:16:03,5.0,5.636363636363637
678,Pickup Driving,Sports,93.85,16,5.865625,2005-08-20 12:11:28,4.0,5.4
859,Sugar Wonka,Animation,93.85,17,5.520588235294118,2005-08-23 03:03:53,6.0,3.333333333333333
59,Bear Graceland,Children,93.81,22,4.264090909090909,2005-08-23 11:56:22,5.0,4.947368421052632
114,Camelot Vacation,Sci-Fi,93.76,27,3.472592592592593,2006-02-14 15:16:03,7.0,5.130434782608696
873,Sweethearts Suspects,Children,93.73,29,3.232068965517241,2006-02-14 15:16:03,8.0,4.884615384615385
969,West Lion,Drama,92.86,16,5.80375,2005-08-22 07:51:47,4.0,4.642857142857143
396,Hanging Deep,Drama,92.85,19,4.886842105263158,2005-08-20 23:42:31,4.0,4.266666666666667
184,Core Suit,Classics,92.84,18,5.157777777777778,2005-08-23 04:20:16,5.0,4.875
486,Jet Neighbors,Foreign,92.83,20,4.6415,2005-08-23 19:19:06,6.0,5.470588235294118
414,Hellfighters Sierra,Foreign,92.81,20,4.6405,2005-08-23 15:34:49,6.0,3.631578947368421
305,Fatal Haunted,New,92.77,28,3.3132142857142854,2005-08-22 23:55:51,7.0,5.0434782608695645
798,Silverado Goldfinger,Sci-Fi,91.88,12,7.656666666666665,2006-02-14 15:16:03,4.0,6.181818181818182
226,Destiny Saturday,New,91.85,16,5.740625,2005-08-21 02:56:52,5.0,3.6666666666666665
51,Balloon Homeward,Music,91.78,23,3.990434782608696,2005-08-23 00:56:27,6.0,4.8181818181818175
260,Dude Blindness,Sports,90.87,16,5.679375,2005-08-23 07:10:22,4.0,3.8461538461538463
980,Wizard Coldblooded,Music,90.85,16,5.678125,2005-08-23 10:32:52,5.0,3.333333333333333
447,Ice Crossing,Games,90.78,24,3.7825,2005-08-23 02:08:40,7.0,4.2727272727272725
704,Pure Runner,Comedy,89.85,16,5.615625,2006-02-14 15:16:03,5.0,5.642857142857143
165,Coldblooded Darling,Sci-Fi,89.84,16,5.615,2005-08-23 05:39:06,5.0,5.25
451,Igby Maker,Travel,89.83,19,4.727894736842105,2006-02-14 15:16:03,5.0,4.9375
930,Vacation Boondock,Sci-Fi,89.81,21,4.276666666666666,2005-08-23 11:40:30,6.0,4.2105263157894735
568,Memento Zoolander,Comedy,88.87,13,6.836153846153846,2005-08-22 21:01:25,4.0,4.923076923076923
739,Rocky War,Drama,88.87,16,5.554375,2005-08-22 20:41:53,5.0,4.384615384615385
116,Candidate Perdition,Classics,88.82,18,4.934444444444445,2006-02-14 15:16:03,6.0,5.4375
571,Metal Armageddon,Documentary,88.79,25,3.5516,2005-08-22 23:58:09,6.0,5.7142857142857135
880,Telemark Heartbreakers,Animation,88.76,25,3.5504,2005-08-23 06:19:12,8.0,4.375
450,Idols Snatchers,Children,88.76,30,2.958666666666667,2005-08-23 20:27:34,7.0,4.041666666666666
65,Behavior Runaway,Horror,87.89,13,6.760769230769231,2005-08-22 06:46:03,4.0,5.2727272727272725
321,Flash Wars,New,87.88,13,6.76,2005-08-23 15:21:35,4.0,4.583333333333333
98,Bright Encounters,Drama,87.88,13,6.76,2005-08-22 05:16:16,3.0,5.083333333333333
446,Hysterical Grail,Sports,87.85,15,5.8566666666666665,2005-08-21 07:29:05,4.0,3.8666666666666663
212,Darn Forrester,Action,87.83,18,4.879444444444445,2005-08-23 21:54:02,5.0,5.11764705882353
57,Basic Easy,Travel,87.8,21,4.180952380952381,2006-02-14 15:16:03,7.0,4.157894736842104
649,Oz Liaisons,Animation,87.78,24,3.6575,2005-08-23 04:00:30,6.0,3.5
166,Color Philadelphia,Classics,87.78,24,3.6575,2005-08-23 22:06:15,6.0,5.409090909090909
654,Panky Submarine,Games,86.88,15,5.792,2005-08-19 09:34:02,4.0,5.583333333333333
8,Airport Pollock,Horror,86.85,18,4.825,2005-08-23 20:24:36,4.0,5.066666666666666
803,Slacker Liaisons,Drama,86.84,17,5.108235294117647,2005-08-23 13:18:46,6.0,4.4375
944,Virgin Daisy,Drama,86.84,17,5.108235294117647,2005-08-22 19:45:57,5.0,4.375
773,Seabiscuit Punk,Sports,86.76,26,3.336923076923077,2006-02-14 15:16:03,8.0,4.782608695652174
609,Muscle Bright,Travel,86.73,30,2.891,2005-08-23 00:07:53,8.0,3.8148148148148153
489,Juggler Hardly,Animation,86.71,32,2.7096875,2006-02-14 15:16:03,8.0,5.071428571428571
203,Daisy Menagerie,Sci-Fi,85.86,16,5.36625,2005-08-22 18:21:04,4.0,4.357142857142857
844,Steers Armageddon,Sports,85.85,15,5.723333333333333,2005-08-22 23:11:59,4.0,4.466666666666667
735,Robbers Joon,Children,85.74,31,2.765806451612903,2005-08-22 04:09:18,7.0,3.9615384615384617
179,Conquerer Nuts,Drama,84.87,16,5.304375,2005-08-22 21:29:14,4.0,4.230769230769231
141,Chicago North,Games,84.85,16,5.303125,2005-08-21 22:12:45,5.0,5.0
772,Sea Virgin,Drama,84.81,22,3.855,2005-08-23 05:49:21,6.0,4.315789473684211
15,Alien Center,Foreign,84.8,22,3.8545454545454554,2005-08-23 19:21:22,6.0,4.7
55,Barbarella Streetcar,Sci-Fi,84.78,25,3.3912,2005-08-23 20:45:53,6.0,5.3181818181818175
559,Married Go,Sci-Fi,84.74,30,2.824666666666667,2005-08-22 19:56:41,8.0,4.153846153846153
682,Pittsburgh Hunchback,Family,83.89,12,6.990833333333333,2005-08-22 06:37:43,3.0,6.090909090909091
532,Loser Hustler,Sports,83.86,15,5.5906666666666665,2005-08-23 01:25:30,4.0,4.928571428571429
757,Sagebrush Clueless,Documentary,83.86,16,5.24125,2005-08-23 12:43:30,5.0,6.142857142857143
655,Panther Reds,Sci-Fi,83.86,15,5.5906666666666665,2005-08-22 17:22:41,6.0,4.642857142857143
265,Dying Maker,Comedy,83.85,17,4.932352941176471,2005-08-21 16:52:03,4.0,3.733333333333333
329,Forrest Sons,Action,83.83,18,4.657222222222223,2005-08-23 15:47:02,6.0,5.0588235294117645
841,Star Operation,Sports,83.8,21,3.9904761904761914,2006-02-14 15:16:03,7.0,5.315789473684211
4,Affair Prejudice,Horror,83.79,23,3.6430434782608696,2006-02-14 15:16:03,7.0,4.25
644,Oscar Gold,Animation,83.75,25,3.35,2005-08-23 15:09:17,7.0,4.68
421,Holiday Games,Foreign,82.85,15,5.5233333333333325,2005-08-23 01:29:59,4.0,4.666666666666666
611,Musketeers Wait,Classics,82.85,17,4.873529411764705,2005-08-21 02:23:25,6.0,3.8666666666666663
7,Airplane Sierra,Comedy,82.85,15,5.5233333333333325,2005-08-22 17:18:05,5.0,3.9333333333333327
123,Casablanca Super,Travel,82.84,16,5.1775,2005-08-23 01:16:55,5.0,3.6875
443,Hurricane Affair,Comedy,82.77,24,3.44875,2005-08-21 09:04:20,7.0,4.782608695652174
662,Paths Control,Drama,81.9,10,8.19,2005-08-23 16:18:12,4.0,5.4
398,Hanover Galaxy,Music,81.86,17,4.815294117647058,2005-08-20 18:42:40,4.0,3.6428571428571432
115,Campus Remember,Action,81.83,19,4.306842105263158,2005-08-22 19:46:36,7.0,5.764705882352941
753,Rush Goodfellas,Family,81.72,31,2.6361290322580646,2005-08-22 10:29:44,8.0,4.071428571428571
667,Peach Innocent,Sports,80.86,14,5.775714285714286,2006-02-14 15:16:03,4.0,5.333333333333333
251,Dragonfly Strangers,New,80.86,18,4.492222222222223,2006-02-14 15:16:03,5.0,4.230769230769231
438,Human Graffiti,Games,80.85,15,5.39,2005-08-22 17:46:41,5.0,4.533333333333333
643,Orient Closer,Drama,80.83,17,4.7547058823529404,2005-08-23 21:44:27,6.0,3.8235294117647056
936,Vanishing Rocky,Music,80.83,18,4.490555555555556,2006-02-14 15:16:03,6.0,4.125
958,Wardrobe Phantom,Drama,80.77,27,2.991481481481481,2005-08-23 15:29:41,6.0,4.521739130434783
638,Operation Operation,Comedy,80.75,27,2.990740740740741,2006-02-14 15:16:03,8.0,3.6666666666666665
68,Betrayed Rear,Children,79.87,15,5.324666666666666,2005-08-21 04:29:11,4.0,4.384615384615385
272,Edge Kissing,Drama,79.87,15,5.324666666666666,2005-08-23 20:41:09,4.0,4.461538461538462
70,Bikini Borrowers,Animation,79.86,17,4.69764705882353,2005-08-22 20:03:46,4.0,5.285714285714286
121,Carol Texas,Animation,79.83,18,4.435,2005-08-23 11:55:50,6.0,4.823529411764706
657,Paradise Sabrina,Comedy,79.82,18,4.434444444444445,2005-08-22 02:13:51,6.0,4.722222222222222
852,Strangelove Desire,Children,79.78,24,3.3241666666666667,2005-08-21 19:12:12,7.0,5.545454545454546
625,None Spiking,Sci-Fi,79.75,27,2.953703703703704,2006-02-14 15:16:03,7.0,4.708333333333333
867,Super Wyoming,Family,78.88,13,6.067692307692308,2005-08-20 17:58:00,4.0,5.333333333333333
858,Submarine Bed,Comedy,78.87,15,5.258,2005-08-21 10:22:51,4.0,3.8461538461538463
749,Rules Human,Horror,78.87,16,4.929375,2005-08-22 06:53:21,4.0,5.615384615384616
385,Groundhog Uncut,Comedy,78.86,18,4.381111111111111,2006-02-14 15:16:03,5.0,4.615384615384616
229,Devil Desire,Action,78.86,15,5.2573333333333325,2006-02-14 15:16:03,4.0,4.615384615384616
481,Jekyll Frogmen,New,78.84,17,4.6376470588235295,2005-08-23 20:53:20,6.0,4.375
464,Intentions Empire,Animation,78.83,17,4.637058823529412,2006-02-14 15:16:03,7.0,4.0
608,Murder Antitrust,Children,78.79,23,3.4256521739130434,2005-08-23 20:47:12,6.0,4.904761904761905
78,Blackout Private,Animation,78.77,27,2.9174074074074077,2005-08-23 01:39:10,7.0,3.6086956521739126
181,Contact Anonymous,Travel,78.76,26,3.029230769230769,2005-08-21 23:08:33,7.0,4.541666666666666
901,Tracy Cider,Animation,78.76,26,3.029230769230769,2005-08-23 14:02:13,7.0,4.625
220,Deer Virginian,Music,78.76,29,2.715862068965517,2006-02-14 15:16:03,8.0,4.583333333333333
711,Raging Airplane,Sci-Fi,77.88,13,5.9907692307692315,2005-08-23 02:51:27,4.0,4.083333333333333
190,Creepers Kane,Classics,77.87,14,5.562142857142857,2005-08-23 01:15:07,4.0,4.0
708,Quills Bull,Documentary,77.87,16,4.866875,2005-08-23 08:51:21,4.0,3.692307692307692
628,Northwest Polish,Sports,77.82,20,3.891,2005-08-23 20:12:17,5.0,5.444444444444445
326,Flying Hook,Animation,77.81,20,3.8905,2006-02-14 15:16:03,6.0,5.222222222222222
402,Harper Dying,Animation,77.8,20,3.89,2005-08-23 21:59:26,6.0,5.1
707,Quest Mussolini,Action,77.8,20,3.89,2005-08-23 08:19:55,6.0,3.75
234,Disturbing Scarface,Sci-Fi,77.77,26,2.9911538461538463,2005-08-22 14:26:01,7.0,3.695652173913044
154,Clash Freddy,Animation,77.77,25,3.1108,2005-08-23 18:49:32,7.0,4.3478260869565215
434,Horror Reign,Travel,77.75,27,2.8796296296296298,2005-08-23 13:10:16,8.0,4.16
531,Lose Inch,Foreign,77.74,27,2.8792592592592596,2005-08-22 09:25:24,8.0,3.9615384615384617
917,Tuxedo Mile,Sports,76.87,13,5.913076923076924,2006-02-14 15:16:03,5.0,5.5
588,Model Fish,Children,76.87,15,5.124666666666666,2005-08-21 17:30:17,4.0,3.307692307692308
453,Image Princess,Sports,76.86,14,5.49,2005-08-23 17:57:28,5.0,4.428571428571429
956,Wanda Chamber,Games,76.86,16,4.80375,2006-02-14 15:16:03,4.0,4.923076923076923
381,Grinch Massage,Games,76.86,14,5.49,2005-08-22 14:41:05,5.0,4.785714285714286
510,Lawless Vision,Animation,76.86,17,4.521176470588236,2006-02-14 15:16:03,4.0,4.0
50,Baked Cleopatra,Family,76.85,16,4.803125,2006-02-14 15:16:03,5.0,4.285714285714286
806,Sleepy Japanese,New,76.83,21,3.658571428571429,2006-02-14 15:16:03,5.0,4.647058823529412
616,National Story,Documentary,76.83,19,4.043684210526316,2005-08-23 11:16:29,6.0,4.411764705882352
920,Unbreakable Karate,New,76.81,21,3.657619047619048,2005-08-22 18:48:48,5.0,5.263157894736842
782,Shakespeare Saddle,Sports,76.8,22,3.4909090909090907,2005-08-22 02:26:33,6.0,5.25
49,Badman Dawn,Sci-Fi,76.79,21,3.6566666666666663,2005-08-23 15:23:50,6.0,4.142857142857143
471,Island Exorcist,Classics,76.77,26,2.952692307692308,2005-08-23 11:28:49,7.0,4.695652173913044
177,Connecticut Tramp,Sci-Fi,75.89,13,5.837692307692308,2005-08-22 06:23:54,3.0,4.8181818181818175
597,Moonwalker Fool,Games,75.89,13,5.837692307692308,2006-02-14 15:16:03,4.0,5.5
219,Deep Crusade,Documentary,75.87,14,5.419285714285714,2006-02-14 15:16:03,4.0,5.583333333333333
774,Searchers Wait,Comedy,75.86,14,5.418571428571429,2005-08-20 21:26:55,4.0,4.571428571428571
420,Holes Brannigan,Sports,75.86,15,5.057333333333333,2006-02-14 15:16:03,5.0,4.928571428571429
820,Sons Interview,Animation,75.85,15,5.056666666666667,2006-02-14 15:16:03,6.0,4.75
83,Blues Instinct,Family,75.82,21,3.610476190476191,2005-08-23 11:25:00,5.0,4.277777777777778
912,Trojan Tomorrow,Sci-Fi,75.82,19,3.9905263157894737,2006-02-14 15:16:03,6.0,3.5
43,Atlantis Cause,Family,75.79,24,3.157916666666667,2005-08-19 06:38:59,7.0,4.095238095238095
554,Malkovich Pet,Classics,75.77,26,2.9142307692307687,2005-08-23 14:23:23,7.0,3.8260869565217392
46,Autumn Crow,Games,74.9,11,6.809090909090909,2005-08-21 22:25:53,3.0,4.3
74,Birch Antitrust,Music,74.89,11,6.808181818181818,2005-08-23 10:56:15,5.0,4.909090909090909
455,Impossible Prejudice,Foreign,74.86,14,5.347142857142857,2005-08-22 15:57:38,4.0,4.5
542,Lust Lock,Action,74.82,15,4.988,2006-02-14 15:16:03,6.0,3.0769230769230766
322,Flatliners Killer,Sports,74.81,22,3.4004545454545454,2005-08-22 16:30:43,6.0,4.473684210526316
193,Crossroads Casualties,Animation,74.8,21,3.5619047619047617,2005-08-23 12:47:05,8.0,4.05
288,Escape Metropolis,Travel,74.77,25,2.9908,2005-08-23 12:47:16,6.0,4.304347826086957
341,Frost Head,Classics,74.72,30,2.490666666666667,2006-02-14 15:16:03,8.0,5.296296296296296
113,California Birds,Sports,73.89,12,6.1575,2005-08-23 12:46:38,4.0,4.545454545454546
888,Thin Sagebrush,Documentary,73.89,11,6.717272727272727,2005-08-21 19:19:21,4.0,5.090909090909091
686,Pluto Oleander,New,73.87,16,4.616875,2005-08-21 13:52:54,4.0,3.7692307692307687
648,Outlaw Hanky,Travel,73.86,14,5.275714285714286,2006-02-14 15:16:03,6.0,4.461538461538462
987,Words Hunter,Music,73.86,16,4.61625,2005-08-22 18:59:01,4.0,4.571428571428571
953,Wait Cider,Animation,73.82,21,3.5152380952380953,2005-08-23 14:07:56,6.0,5.444444444444445
302,Fantasia Park,Games,73.81,19,3.884736842105263,2005-08-23 22:12:44,6.0,4.421052631578947
252,Dream Pickup,Action,73.8,22,3.3545454545454545,2005-08-22 02:20:44,6.0,4.5
391,Half Outfield,Family,73.79,26,2.8380769230769234,2006-02-14 15:16:03,7.0,3.9
210,Darko Dorado,Action,72.9,11,6.627272727272727,2005-08-23 11:32:35,3.0,4.5
432,Hope Tootsie,Classics,72.83,18,4.046111111111111,2005-08-22 11:43:04,5.0,3.8235294117647056
67,Berets Agent,Action,72.8,21,3.466666666666667,2006-02-14 15:16:03,6.0,4.055555555555556
247,Downhill Enough,Comedy,72.79,25,2.9116,2005-08-23 18:08:59,7.0,4.857142857142857
151,Cincinatti Whisperer,Sci-Fi,71.89,13,5.53,2006-02-14 15:16:03,4.0,5.7
9,Alabama Devil,Horror,71.88,12,5.99,2005-08-23 14:26:51,5.0,5.25
81,Blindness Gun,Sci-Fi,71.87,14,5.133571428571429,2005-08-23 09:41:28,4.0,5.0
473,Jacket Frisco,Drama,71.84,18,3.991111111111111,2005-08-21 07:09:27,5.0,4.6875
967,Weekend Personal,Sci-Fi,71.83,18,3.990555555555556,2005-08-22 23:35:41,5.0,4.529411764705881
966,Wedding Apollo,Documentary,71.79,24,2.99125,2006-02-14 15:16:03,6.0,4.8
173,Confessions Maguire,Drama,70.87,14,5.062142857142857,2005-08-22 15:21:56,5.0,4.307692307692308
765,Saturn Name,Comedy,70.87,13,5.451538461538462,2005-08-23 18:36:44,4.0,4.846153846153847
480,Jeepers Wedding,Classics,70.87,16,4.429375,2005-08-23 03:13:01,4.0,5.0
308,Ferris Mother,Comedy,70.85,17,4.16764705882353,2005-08-22 21:39:45,4.0,3.533333333333333
724,Remember Diary,Family,70.83,18,3.935,2005-08-23 08:54:26,6.0,4.470588235294118
914,Trouble Date,Travel,70.81,23,3.078695652173913,2006-02-14 15:16:03,6.0,4.947368421052632
353,Gentlemen Stage,Foreign,70.8,23,3.0782608695652174,2005-08-22 01:17:18,6.0,4.6
645,Others Soup,Travel,70.8,23,3.0782608695652174,2005-08-23 13:05:10,6.0,4.75
22,Amistad Midsummer,New,70.79,21,3.3709523809523807,2006-02-14 15:16:03,7.0,4.2
555,Mallrats United,Comedy,70.78,25,2.8312,2005-08-23 21:59:57,7.0,5.2272727272727275
889,Ties Hunger,Children,69.91,11,6.3554545454545455,2005-08-23 15:41:20,3.0,5.222222222222222
214,Daughter Madigan,Children,69.91,9,7.767777777777779,2005-08-23 00:46:52,4.0,5.222222222222222
60,Beast Hunchback,Classics,69.9,11,6.354545454545455,2005-08-22 19:28:02,3.0,3.9
933,Vampire Whale,New,69.89,12,5.824166666666667,2005-08-22 01:52:26,3.0,4.090909090909091
169,Comforts Rush,Travel,69.85,17,4.108823529411765,2005-08-19 16:50:50,4.0,3.8666666666666663
463,Instinct Airport,Sports,69.83,18,3.8794444444444447,2005-08-23 15:41:12,5.0,3.588235294117647
968,Werewolf Lola,Action,68.88,14,4.92,2005-08-23 20:00:30,3.0,4.583333333333333
323,Flight Lies,Sports,68.88,12,5.74,2005-08-21 02:14:03,4.0,6.833333333333333
448,Idaho Love,New,68.85,17,4.05,2005-08-20 08:27:27,5.0,3.333333333333333
298,Eyes Driving,Sci-Fi,68.84,19,3.6231578947368415,2005-08-21 22:21:49,5.0,4.4375
99,Bringing Hysterical,Comedy,68.81,20,3.4405,2005-08-23 07:53:38,6.0,5.526315789473684
418,Hobbit Alien,Drama,68.74,31,2.2174193548387096,2005-08-22 13:06:26,8.0,5.153846153846153
20,Amelie Hellfighters,Music,67.9,10,6.79,2005-08-23 12:07:51,3.0,4.4
519,Liberty Magnificent,Sports,67.89,12,5.6575,2005-08-23 06:03:31,4.0,5.2727272727272725
231,Dinosaur Secretary,Family,67.81,20,3.3905,2005-08-23 20:07:10,8.0,5.368421052631579
366,Goldfinger Sensibility,Drama,67.79,24,2.824583333333333,2005-08-22 00:46:54,7.0,4.333333333333333
491,Jumping Wrath,Children,67.79,24,2.824583333333333,2005-08-23 17:09:31,6.0,5.3809523809523805
374,Graffiti Love,Sci-Fi,67.74,30,2.258,2005-08-23 15:03:58,7.0,3.5384615384615383
748,Rugrats Shakespeare,Action,67.72,30,2.2573333333333334,2005-08-23 20:47:28,8.0,4.2142857142857135
120,Caribbean Liberty,Sports,66.92,9,7.435555555555555,2005-08-23 00:05:57,3.0,5.75
918,Twisted Pirates,Children,66.89,11,6.08090909090909,2005-08-23 12:33:41,4.0,3.4545454545454546
661,Past Suicides,Foreign,66.88,13,5.144615384615385,2005-08-20 21:50:11,4.0,3.75
207,Dangerous Uptown,Foreign,66.88,12,5.573333333333332,2005-08-23 10:32:52,4.0,5.583333333333333
426,Home Pity,Music,66.88,14,4.777142857142857,2005-08-21 09:39:50,3.0,5.5
137,Charade Duffel,Sci-Fi,66.87,15,4.458,2005-08-23 22:20:40,4.0,4.230769230769231
84,Boiled Dares,Travel,66.87,15,4.458,2005-08-21 04:30:47,4.0,3.9230769230769234
991,Worst Banger,Action,66.85,16,4.178125,2005-08-23 01:13:52,5.0,4.466666666666667
999,Zoolander Fiction,Children,66.85,17,3.9323529411764713,2005-08-23 08:48:43,5.0,5.133333333333333
275,Egypt Tenenbaums,Horror,66.84,17,3.931764705882353,2005-08-22 18:39:11,5.0,5.5625
986,Wonka Sea,Animation,66.82,18,3.7122222222222225,2005-08-23 16:07:15,6.0,4.166666666666666
689,Pollock Deliverance,Foreign,66.82,18,3.7122222222222225,2006-02-14 15:16:03,6.0,4.25
853,Stranger Strangers,Children,65.9,11,5.99090909090909,2005-08-20 15:18:20,3.0,3.6
133,Chamber Italian,Music,65.88,13,5.067692307692308,2006-02-14 15:16:03,4.0,6.166666666666666
957,War Notting,Foreign,65.88,12,5.49,2005-08-23 00:11:52,5.0,4.833333333333333
929,Usual Untouchables,Foreign,65.88,13,5.067692307692308,2005-08-23 16:08:15,4.0,3.25
529,Lonely Elephant,Comedy,65.87,15,4.391333333333333,2005-08-21 16:44:32,4.0,4.153846153846153
138,Chariots Conspiracy,Sci-Fi,65.81,21,3.133809523809524,2005-08-22 06:17:12,5.0,3.5789473684210527
437,House Dynamite,Family,65.8,23,2.8608695652173917,2005-08-23 20:16:27,6.0,4.35
816,Snowman Rollercoaster,Animation,65.79,23,2.860434782608696,2005-08-23 20:08:26,7.0,4.333333333333333
545,Madness Attacks,Foreign,65.77,25,2.6308,2005-08-22 17:27:23,6.0,4.826086956521739
312,Fiddler Lost,Sci-Fi,64.9,10,6.49,2005-08-23 14:12:22,3.0,4.3
277,Elephant Trojan,Horror,64.9,14,4.635714285714285,2005-08-22 16:15:33,3.0,4.5
389,Gunfighter Mussolini,Sports,64.89,12,5.4075,2005-08-23 03:30:45,4.0,5.090909090909091
544,Madison Trap,Documentary,64.87,15,4.324666666666666,2005-08-22 12:24:55,4.0,5.307692307692308
236,Divine Resurrection,Games,64.85,15,4.323333333333332,2006-02-14 15:16:03,4.0,4.285714285714286
870,Swarm Gold,Horror,64.77,27,2.3988888888888886,2006-02-14 15:16:03,8.0,4.545454545454546
28,Anthem Luke,Comedy,63.89,15,4.259333333333333,2005-08-22 22:37:34,3.0,4.454545454545455
202,Daddy Pittsburgh,Comedy,63.89,13,4.914615384615384,2005-08-22 01:17:16,3.0,4.636363636363637
599,Mother Oleander,Sports,63.87,14,4.562142857142857,2005-08-23 15:59:51,5.0,6.307692307692308
72,Bill Others,Documentary,63.82,19,3.358947368421053,2005-08-23 19:50:06,6.0,4.166666666666666
134,Champion Flatliners,Animation,62.9,13,4.838461538461538,2005-08-23 16:44:25,3.0,3.8
347,Games Bowfinger,Travel,62.88,14,4.491428571428571,2005-08-23 02:33:27,4.0,3.583333333333333
536,Lovely Jingle,Classics,62.87,14,4.490714285714286,2006-02-14 15:16:03,5.0,3.9166666666666665
693,Potter Connecticut,Animation,62.85,17,3.697058823529412,2005-08-22 01:20:19,5.0,4.6
716,Reap Unfaithful,Horror,62.84,16,3.9275,2005-08-23 05:32:03,5.0,4.8125
351,Gaslight Crusade,Horror,62.84,16,3.9275,2005-08-23 18:45:06,6.0,3.5
254,Driver Annie,Sports,62.84,18,3.491111111111111,2006-02-14 15:16:03,5.0,3.2666666666666666
619,Neighbors Charade,Sports,62.83,19,3.306842105263158,2005-08-21 23:40:28,6.0,4.823529411764706
514,Lebowski Soldiers,Drama,62.82,21,2.9914285714285715,2005-08-23 12:15:51,6.0,3.611111111111111
993,Wrong Behavior,Children,62.8,20,3.14,2005-08-23 18:54:07,7.0,3.85
228,Detective Vision,Classics,62.76,27,2.3244444444444445,2006-02-14 15:16:03,7.0,4.782608695652174
525,Loathing Legally,Classics,62.74,27,2.323703703703704,2006-02-14 15:16:03,8.0,4.6
126,Casualties Encino,Action,61.92,9,6.88,2005-08-21 14:47:09,3.0,5.25
994,Wyoming Storm,New,61.89,13,4.760769230769231,2005-08-23 18:31:40,3.0,3.6363636363636367
17,Alone Trip,Music,61.83,18,3.435,2006-02-14 15:16:03,6.0,4.8125
462,Insider Arizona,Music,61.83,20,3.0915,2006-02-14 15:16:03,5.0,3.4
690,Pond Seattle,Animation,61.82,19,3.253684210526316,2005-08-22 11:09:18,6.0,5.277777777777778
292,Excitement Eve,Action,61.8,21,2.9428571428571426,2005-08-22 15:52:57,6.0,4.1
235,Divide Monster,Sci-Fi,61.8,21,2.9428571428571426,2005-08-20 14:23:16,6.0,3.9
641,Orange Grapes,Foreign,61.78,24,2.5741666666666667,2005-08-23 20:13:31,7.0,4.863636363636364
824,Spartacus Cheaper,Family,60.91,9,6.767777777777778,2005-08-21 08:40:21,4.0,4.777777777777778
640,Opus Ice,Foreign,60.9,11,5.536363636363637,2005-08-22 06:10:53,3.0,4.8
626,Noon Papi,Children,60.85,17,3.5794117647058825,2005-08-20 12:33:36,4.0,4.6
269,Earring Instinct,Family,60.83,19,3.2015789473684206,2005-08-23 13:56:40,6.0,4.882352941176471
800,Sinners Atlantis,Horror,60.81,22,2.7640909090909087,2005-08-22 14:59:30,6.0,4.631578947368421
266,Dynamite Tarzan,Classics,60.77,25,2.4308,2005-08-23 19:06:04,8.0,4.434782608695652
301,Family Sweet,Horror,60.73,29,2.0941379310344828,2006-02-14 15:16:03,8.0,4.0
499,King Evolution,Family,59.92,9,6.657777777777778,2005-08-21 11:36:15,2.0,4.5
487,Jingle Sagebrush,Classics,59.89,13,4.606923076923077,2005-08-23 00:37:21,3.0,3.5454545454545454
88,Born Spinal,Travel,59.88,12,4.99,2005-08-23 13:45:44,4.0,3.583333333333333
478,Jaws Harry,Comedy,59.87,14,4.276428571428571,2005-08-21 12:07:25,5.0,4.538461538461538
620,Nemo Campus,Sci-Fi,59.86,14,4.275714285714286,2005-08-23 03:03:40,5.0,4.285714285714286
42,Artist Coldblooded,Sports,59.86,16,3.74125,2005-08-22 19:44:53,4.0,4.928571428571429
557,Manchurian Curtain,Family,59.86,15,3.9906666666666664,2005-08-23 21:10:24,5.0,4.857142857142857
429,Honey Ties,Sports,59.84,19,3.1494736842105264,2005-08-23 02:45:21,6.0,5.3125
56,Barefoot Manchurian,Action,59.83,18,3.323888888888889,2005-08-23 19:45:25,5.0,4.294117647058824
158,Clones Pinocchio,Music,59.83,19,3.148947368421053,2005-08-22 05:53:52,5.0,4.529411764705881
428,Homicide Peach,Family,59.82,22,2.719090909090909,2005-08-23 09:02:04,6.0,3.611111111111111
811,Smile Earring,Travel,58.9,10,5.89,2005-08-19 19:11:41,3.0,6.2
872,Sweet Brotherhood,Travel,58.89,15,3.926,2005-08-23 19:35:42,3.0,4.2727272727272725
615,Nash Chocolat,Animation,58.87,15,3.9246666666666665,2005-08-22 06:19:37,4.0,5.692307692307692
344,Fury Murder,Children,58.83,19,3.096315789473684,2005-08-22 06:05:38,5.0,4.705882352941177
242,Doom Dancing,Comedy,58.83,21,2.8014285714285716,2005-08-22 19:08:49,5.0,5.705882352941177
311,Fiction Christmas,Foreign,58.81,19,3.095263157894737,2005-08-23 13:18:16,7.0,5.2105263157894735
142,Chicken Hellfighters,Documentary,58.81,22,2.6731818181818183,2005-08-23 22:06:34,5.0,4.052631578947368
651,Packer Madigan,Animation,58.8,22,2.672727272727273,2005-08-23 02:02:53,6.0,4.3
417,Hills Neighbors,Action,58.79,25,2.3516,2005-08-23 04:17:56,6.0,5.809523809523809
508,Lambs Cincinatti,Games,57.9,10,5.79,2005-08-22 15:53:32,3.0,4.4
633,October Submarine,Classics,57.9,11,5.263636363636364,2005-08-23 18:43:31,3.0,4.9
881,Temple Attraction,Horror,57.9,12,4.825,2005-08-23 06:09:44,4.0,3.9
796,Sierra Divide,Sports,57.85,15,3.8566666666666665,2005-08-23 10:35:45,5.0,5.066666666666666
317,Fireball Philadelphia,Comedy,57.81,21,2.7528571428571427,2005-08-22 19:41:37,7.0,5.263157894736842
93,Brannigan Sunrise,New,56.91,12,4.7425,2005-08-23 16:24:24,3.0,4.0
276,Element Freddy,Comedy,56.9,10,5.69,2005-08-23 13:06:19,4.0,4.8
639,Opposite Necklace,Family,56.89,13,4.376153846153846,2006-02-14 15:16:03,3.0,3.6
92,Bowfinger Gables,Horror,56.89,11,5.171818181818182,2005-08-19 10:49:03,4.0,2.7272727272727275
567,Meet Chocolate,Foreign,56.89,12,4.740833333333333,2005-08-23 20:44:10,4.0,4.363636363636364
564,Massage Image,Animation,56.89,12,4.740833333333333,2005-08-21 13:53:33,3.0,5.090909090909091
342,Fugitive Maguire,Travel,56.89,11,5.171818181818182,2005-08-23 13:33:46,4.0,3.4545454545454546
916,Turn Star,Animation,56.88,14,4.062857142857143,2005-08-22 16:06:23,4.0,3.25
449,Identity Lover,Sci-Fi,56.88,13,4.375384615384616,2005-08-21 13:55:39,4.0,5.0
189,Creatures Shakespeare,Games,56.84,16,3.5525,2006-02-14 15:16:03,6.0,5.5
90,Boulevard Mob,New,56.84,18,3.1577777777777776,2006-02-14 15:16:03,6.0,5.266666666666667
150,Cider Desire,Documentary,56.83,19,2.9910526315789476,2005-08-23 11:16:16,6.0,5.0
733,River Outlaw,Sports,56.82,20,2.841,2006-02-14 15:16:03,7.0,5.0
245,Double Wrath,Animation,56.79,25,2.2716,2005-08-23 00:56:01,7.0,4.6190476190476195
376,Grapes Fury,Foreign,56.77,22,2.580454545454545,2006-02-14 15:16:03,7.0,3.7619047619047614
842,State Wasteland,Games,55.89,13,4.2992307692307685,2006-02-14 15:16:03,4.0,4.909090909090909
24,Analyze Hoosiers,Horror,55.86,14,3.99,2005-08-22 17:58:27,4.0,5.142857142857143
58,Beach Heartbreakers,Documentary,55.86,17,3.2858823529411763,2005-08-23 15:29:17,4.0,4.857142857142857
606,Mummy Creatures,Sports,55.85,16,3.490625,2006-02-14 15:16:03,6.0,5.2142857142857135
380,Greek Everyone,Foreign,55.83,17,3.2841176470588236,2005-08-19 23:38:02,5.0,4.411764705882352
851,Straight Hours,Sports,55.81,20,2.7905,2005-08-22 16:33:39,6.0,3.842105263157895
548,Magnificent Chitty,Classics,54.92,8,6.865,2005-08-19 19:35:13,2.0,5.875
13,Ali Forever,Horror,54.91,9,6.101111111111111,2006-02-14 15:16:03,4.0,4.125
537,Lover Truman,Classics,54.91,10,5.491,2005-08-21 15:44:23,3.0,5.444444444444445
591,Monsoon Cause,Games,54.91,9,6.101111111111111,2005-08-19 10:33:52,3.0,5.333333333333333
709,Racer Egg,Drama,54.83,18,3.046111111111111,2005-08-23 17:36:00,6.0,4.176470588235294
204,Dalmations Sweden,Drama,54.82,20,2.741,2005-08-21 23:09:32,6.0,5.0
647,Outfield Massacre,Music,54.82,20,2.741,2006-02-14 15:16:03,6.0,4.9411764705882355
890,Tights Dawn,Sports,54.76,26,2.1061538461538465,2005-08-23 07:07:22,7.0,4.75
75,Bird Independence,Travel,53.91,11,4.90090909090909,2005-08-23 22:13:04,3.0,5.444444444444445
632,Nuts Ties,New,53.91,9,5.99,2005-08-23 18:43:22,3.0,4.555555555555556
338,Frisco Forrest,Sci-Fi,53.91,9,5.99,2006-02-14 15:16:03,3.0,5.625
152,Circus Youth,Children,53.86,15,3.590666666666667,2005-08-23 12:41:07,4.0,4.428571428571429
474,Jade Bunch,Sports,53.85,18,2.9916666666666667,2005-08-23 15:30:48,4.0,3.9333333333333327
672,Perfect Groove,Comedy,53.84,17,3.167058823529412,2005-08-23 21:37:59,6.0,5.5625
314,Fight Jawbreaker,Animation,53.8,22,2.4454545454545453,2006-02-14 15:16:03,6.0,3.947368421052632
586,Mockingbird Hollywood,Action,53.78,24,2.2408333333333332,2006-02-14 15:16:03,8.0,4.333333333333333
2,Ace Goldfinger,Horror,52.93,7,7.561428571428571,2006-02-14 15:16:03,3.0,5.333333333333333
390,Guys Falcon,Sci-Fi,52.92,9,5.88,2005-08-22 04:31:50,3.0,4.875
246,Doubtfire Labyrinth,Foreign,52.91,10,5.291,2005-08-21 00:44:34,3.0,4.444444444444445
934,Vanilla Day,Games,52.91,9,5.878888888888889,2005-08-21 12:47:38,3.0,5.444444444444445
780,Sensibility Rear,Family,52.9,10,5.29,2005-08-21 14:57:03,3.0,3.5
731,Right Cranes,Classics,52.9,10,5.29,2005-08-21 06:39:08,3.0,4.6
705,Purple Movie,Foreign,52.88,13,4.067692307692308,2005-08-23 18:44:21,4.0,3.75
783,Shane Darkness,Travel,52.87,14,3.7764285714285712,2005-08-22 07:32:23,4.0,5.153846153846153
975,Willow Tracy,Family,52.85,16,3.303125,2005-08-23 10:11:40,5.0,4.533333333333333
664,Patriot Roman,Action,52.85,16,3.303125,2005-08-22 16:40:21,5.0,5.066666666666666
358,Gilmore Boiled,Classics,52.76,28,1.8842857142857143,2005-08-22 17:18:32,8.0,4.583333333333333
653,Panic Club,Horror,51.93,7,7.418571428571427,2005-08-22 17:32:57,2.0,4.7142857142857135
627,North Tequila,Documentary,51.91,11,4.719090909090909,2005-08-23 14:06:19,3.0,3.333333333333333
679,Pilot Hoosiers,Family,51.86,16,3.24125,2005-08-20 05:50:05,4.0,4.7142857142857135
601,Moulin Wake,Travel,51.84,16,3.24,2005-08-22 10:24:32,5.0,5.4375
286,Enough Raging,Travel,51.84,18,2.88,2006-02-14 15:16:03,5.0,5.4
746,Rouge Squad,Games,51.84,18,2.88,2005-08-23 11:33:25,5.0,4.4375
23,Anaconda Confessions,Animation,51.82,21,2.467619047619048,2005-08-20 21:21:08,5.0,4.055555555555556
494,Karate Moon,Horror,51.8,23,2.2521739130434786,2005-08-23 15:46:33,6.0,4.4
145,Chisum Behavior,Family,50.9,13,3.915384615384616,2005-08-20 08:57:28,3.0,3.2
533,Lost Bird,Foreign,50.9,12,4.241666666666666,2005-08-21 06:21:24,3.0,5.3
469,Iron Moon,Classics,50.9,11,4.627272727272727,2005-08-23 14:05:37,3.0,3.5
977,Window Side,Travel,50.89,12,4.240833333333333,2006-02-14 15:16:03,3.0,4.0
728,Reunion Witches,Drama,50.82,20,2.541,2005-08-23 07:43:00,5.0,3.6666666666666665
26,Annie Identity,Sci-Fi,50.81,22,2.3095454545454546,2005-08-23 03:30:51,5.0,3.6842105263157894
863,Sun Confessions,Sci-Fi,50.77,25,2.0308,2005-08-22 10:07:52,7.0,4.826086956521739
395,Handicap Boondock,Action,50.76,28,1.8128571428571427,2005-08-22 18:04:22,6.0,3.9166666666666665
91,Bound Cheaper,Classics,50.76,24,2.115,2006-02-14 15:16:03,8.0,4.739130434782608
932,Valley Packer,Comedy,49.88,15,3.325333333333333,2005-08-22 01:10:32,4.0,5.166666666666666
293,Exorcist Sting,Sports,49.88,13,3.836923076923077,2005-08-21 09:49:28,5.0,5.083333333333333
561,Mask Peach,New,49.86,17,2.932941176470588,2005-08-22 15:56:42,4.0,4.357142857142857
410,Heaven Freedom,Comedy,49.85,18,2.7694444444444444,2005-08-23 14:42:07,5.0,4.533333333333333
631,Novocaine Flight,Sports,49.82,19,2.622105263157895,2005-08-22 23:06:25,5.0,4.777777777777778
147,Chocolat Harry,Family,49.81,20,2.4905,2005-08-20 09:07:39,6.0,5.157894736842104
206,Dancing Fever,Documentary,49.76,27,1.8429629629629631,2005-08-22 11:11:51,8.0,5.708333333333333
659,Park Citizen,Action,48.94,8,6.1175,2005-08-20 20:26:53,2.0,5.333333333333333
371,Gosford Donnie,Action,48.92,8,6.115,2005-08-22 07:35:31,3.0,4.0
543,Madigan Dorado,Travel,48.92,10,4.892,2005-08-23 01:45:07,2.0,5.0
587,Mod Secretary,Documentary,48.91,11,4.446363636363637,2005-08-21 09:16:40,3.0,4.0
729,Rider Caddyshack,Sports,48.89,11,4.444545454545455,2005-08-22 17:00:31,4.0,5.090909090909091
592,Monster Spartacus,Music,48.86,15,3.2573333333333334,2006-02-14 15:16:03,4.0,4.384615384615385
937,Varsity Trip,New,48.84,16,3.0525,2006-02-14 15:16:03,5.0,3.466666666666667
496,Kick Savannah,Travel,48.83,20,2.4415,2006-02-14 15:16:03,5.0,3.875
737,Rock Instinct,Horror,48.83,17,2.8723529411764703,2005-08-23 07:54:54,6.0,4.588235294117648
807,Sleuth Orient,Games,48.81,21,2.3242857142857143,2005-08-22 08:21:21,5.0,4.473684210526316
810,Slums Duck,Family,48.78,24,2.0325,2005-08-22 13:59:19,7.0,4.5
779,Sense Greek,Sports,47.93,7,6.847142857142857,2005-08-23 17:52:01,2.0,4.0
721,Reds Pocus,Music,47.92,9,5.3244444444444445,2005-08-23 21:04:51,2.0,6.625
503,Kramer Chocolate,Sports,47.91,9,5.323333333333332,2005-08-22 11:58:58,3.0,4.333333333333333
5,African Egg,Family,47.89,12,3.990833333333333,2006-02-14 15:16:03,3.0,6.7
546,Madre Gables,Games,47.87,14,3.4192857142857145,2005-08-23 11:15:20,4.0,6.230769230769231
232,Dirty Ace,Games,47.87,15,3.191333333333333,2005-08-21 18:35:44,5.0,4.538461538461538
988,Worker Tarzan,Travel,47.86,15,3.190666666666667,2005-08-22 19:54:26,5.0,4.857142857142857
345,Gables Metropolis,Family,47.83,19,2.517368421052632,2006-02-14 15:16:03,5.0,4.0625
406,Haunting Pianist,Games,47.8,22,2.172727272727273,2005-08-23 16:15:45,6.0,5.0
945,Virginian Pluto,Documentary,47.75,29,1.646551724137931,2006-02-14 15:16:03,8.0,4.083333333333333
984,Wonderful Drop,Foreign,46.92,9,5.213333333333333,2005-08-22 21:24:19,2.0,5.125
384,Grosse Wonderful,Music,46.92,8,5.865,2005-08-21 13:54:15,3.0,4.125
905,Trainspotting Strangers,Comedy,46.91,11,4.2645454545454555,2005-08-23 19:22:36,3.0,4.888888888888888
837,Stage World,Comedy,46.9,10,4.69,2005-08-21 04:49:41,3.0,4.7
900,Town Ark,Foreign,46.87,14,3.347857142857143,2005-08-22 18:05:21,4.0,3.8461538461538463
793,Shrunk Divine,Action,46.87,14,3.347857142857143,2005-08-23 18:51:41,4.0,4.692307692307692
16,Alley Evolution,Foreign,46.87,14,3.347857142857143,2005-08-22 07:10:26,4.0,4.769230769230769
111,Caddyshack Jedi,Action,46.86,16,2.92875,2005-08-23 14:27:07,4.0,4.428571428571429
913,Troopers Metal,New,46.86,14,3.347142857142857,2005-08-23 07:25:29,6.0,4.571428571428571
458,Indian Love,Family,46.85,16,2.928125,2005-08-23 16:50:43,6.0,5.066666666666666
623,Newton Labyrinth,Foreign,46.84,17,2.755294117647059,2005-08-22 11:43:42,5.0,5.0
388,Gunfight Moon,Comedy,46.79,24,1.9495833333333332,2006-02-14 15:16:03,6.0,4.7894736842105265
156,Clerks Angels,Documentary,45.94,7,6.562857142857143,2005-08-21 04:49:48,2.0,5.166666666666666
124,Casper Dragonfly,Children,45.93,8,5.74125,2005-08-21 20:01:34,3.0,3.7142857142857135
528,Lolita World,Family,45.91,10,4.591,2005-08-23 21:13:39,3.0,5.111111111111112
104,Bugsy Song,Foreign,45.91,11,4.173636363636364,2005-08-21 16:03:27,3.0,4.777777777777778
209,Darkness War,Drama,45.88,13,3.529230769230769,2005-08-22 00:40:49,4.0,5.25
927,Uprising Uptown,Action,45.87,16,2.866875,2005-08-23 16:54:09,4.0,4.384615384615385
681,Pirates Roxanne,Sports,45.81,21,2.1814285714285715,2006-02-14 15:16:03,6.0,4.529411764705881
197,Crusade Honey,Sports,44.93,8,5.61625,2005-08-23 13:01:43,2.0,6.857142857142857
211,Darling Breaking,Games,44.92,9,4.9911111111111115,2005-08-21 19:14:48,2.0,5.25
826,Speed Suit,Travel,44.92,9,4.9911111111111115,2005-08-20 14:42:34,2.0,5.5
788,Ship Wonderland,Documentary,44.86,15,2.990666666666667,2005-08-22 01:35:37,4.0,2.7857142857142856
436,Hours Rage,New,44.82,19,2.358947368421053,2005-08-22 16:49:02,6.0,4.388888888888888
30,Anything Savannah,Horror,43.92,9,4.88,2005-08-22 02:09:12,2.0,5.625
256,Drop Waterfront,Sports,43.92,9,4.88,2005-08-22 10:39:51,3.0,4.75
692,Potluck Mixed,Animation,43.9,11,3.9909090909090903,2005-08-23 06:48:47,3.0,3.5
573,Microcosmos Paradise,Children,43.88,13,3.3753846153846156,2005-08-23 22:14:31,4.0,5.166666666666666
673,Personal Ladybugs,Music,43.87,14,3.133571428571429,2005-08-22 15:30:25,4.0,4.769230769230769
201,Cyclone Family,Foreign,43.87,15,2.924666666666667,2006-02-14 15:16:03,4.0,4.461538461538462
333,Freaky Pocus,Music,43.86,17,2.58,2005-08-22 18:57:39,4.0,3.428571428571429
784,Shanghai Tycoon,Travel,43.86,14,3.132857142857143,2005-08-21 19:01:36,6.0,3.2857142857142856
925,United Pilot,Documentary,43.85,17,2.5794117647058825,2005-08-21 21:50:51,5.0,4.133333333333333
363,Go Purple,Music,43.83,20,2.1915,2005-08-23 14:38:37,6.0,3.8235294117647056
650,Pacific Amistad,Documentary,43.81,24,1.825416666666667,2005-08-23 02:25:09,6.0,3.263157894736842
367,Goldmine Tycoon,Sci-Fi,43.76,27,1.6207407407407408,2005-08-22 12:47:45,7.0,4.958333333333333
470,Ishtar Rocketeer,Animation,42.94,7,6.1342857142857135,2005-08-22 18:03:11,2.0,5.0
750,Run Pacific,New,42.91,10,4.291,2005-08-22 08:52:53,3.0,6.222222222222222
960,Wars Pluto,Documentary,42.9,10,4.29,2005-08-22 10:34:39,3.0,5.1
296,Express Lonely,Sci-Fi,42.88,13,3.2984615384615386,2005-08-23 16:22:20,4.0,3.333333333333333
589,Modern Dorado,Documentary,42.88,15,2.8586666666666667,2005-08-23 14:31:50,4.0,5.166666666666666
770,Scissorhands Slums,Foreign,42.88,15,2.8586666666666667,2005-08-22 05:59:59,3.0,2.75
287,Entrapment Satisfaction,Action,42.87,15,2.858,2005-08-23 09:02:03,4.0,6.0
373,Graduate Lord,Children,42.87,16,2.679375,2005-08-22 06:30:10,5.0,4.461538461538462
847,Stock Glass,New,42.87,14,3.062142857142857,2005-08-23 09:23:08,4.0,3.230769230769231
921,Uncut Suicides,Music,42.87,14,3.062142857142857,2005-08-23 05:04:33,4.0,6.153846153846153
526,Lock Rear,Travel,42.86,16,2.67875,2005-08-23 03:52:36,4.0,3.0714285714285716
504,Kwai Homeward,Drama,42.8,23,1.8608695652173917,2005-08-22 19:44:00,6.0,4.5
951,Voyage Legally,Classics,42.75,28,1.5267857142857144,2005-08-23 22:26:47,7.0,5.0
849,Storm Happiness,Animation,42.74,29,1.473793103448276,2005-08-22 20:44:35,8.0,4.423076923076923
703,Punk Divorce,Animation,41.93,8,5.24125,2005-08-20 16:51:18,2.0,4.285714285714286
435,Hotel Happiness,Foreign,41.92,9,4.657777777777778,2005-08-22 19:23:58,2.0,4.25
431,Hoosiers Birdcage,Foreign,41.92,8,5.24,2005-08-18 00:14:03,3.0,4.375
582,Miracle Virtual,Animation,41.92,9,4.657777777777778,2005-08-18 15:15:44,2.0,4.75
96,Breaking Home,New,41.9,13,3.223076923076923,2005-08-19 10:15:19,3.0,3.7
825,Speakeasy Date,Action,41.89,12,3.4908333333333332,2005-08-21 17:48:49,3.0,4.545454545454546
660,Party Knock,Comedy,41.88,13,3.221538461538461,2005-08-23 17:44:53,4.0,5.0
213,Date Speed,Family,41.88,13,3.221538461538461,2005-08-21 16:32:32,4.0,5.166666666666666
505,Labyrinth League,Children,41.87,15,2.791333333333333,2005-08-22 21:41:40,4.0,3.7692307692307687
39,Armageddon Lost,Sci-Fi,41.8,21,1.9904761904761905,2006-02-14 15:16:03,7.0,4.631578947368421
161,Clue Grail,Music,40.93,7,5.847142857142857,2005-08-18 22:11:37,2.0,5.0
47,Baby Hall,Foreign,40.93,8,5.11625,2005-08-22 03:47:39,2.0,4.571428571428571
289,Eve Resurrection,New,40.93,7,5.847142857142857,2005-08-18 19:36:05,2.0,5.0
565,Matrix Snowman,Foreign,40.92,9,4.546666666666666,2005-08-21 09:20:03,2.0,3.625
375,Grail Frankenstein,Action,40.92,10,4.092,2006-02-14 15:16:03,2.0,5.0
685,Platoon Instinct,New,40.92,9,4.546666666666666,2005-08-21 10:16:27,2.0,3.25
876,Tarzan Videotape,Horror,40.92,8,5.115,2005-08-22 01:32:14,2.0,4.125
337,Frida Slipper,Foreign,40.9,11,3.718181818181818,2006-02-14 15:16:03,4.0,5.0
442,Hunting Musketeers,Family,40.88,15,2.7253333333333334,2005-08-23 16:18:25,3.0,4.166666666666666
962,Wasteland Divine,Classics,40.88,15,2.7253333333333334,2005-08-21 11:20:21,4.0,4.583333333333333
658,Paris Weekend,Horror,40.88,14,2.92,2005-08-23 07:23:29,4.0,5.416666666666666
328,Forever Candidate,Children,40.88,13,3.144615384615385,2005-08-23 19:35:42,4.0,4.083333333333333
383,Groove Fiction,Sports,40.83,18,2.268333333333333,2005-08-21 12:47:53,5.0,5.823529411764706
906,Tramp Others,Comedy,40.82,20,2.041,2005-08-22 11:05:34,5.0,4.777777777777778
54,Banger Pinocchio,Music,40.8,22,1.8545454545454545,2005-08-23 21:01:09,5.0,4.3
273,Effect Gladiator,Family,40.79,25,1.6316,2006-02-14 15:16:03,7.0,4.75
833,Splendor Patton,Children,40.79,21,1.9423809523809523,2005-08-23 14:23:03,7.0,4.3809523809523805
687,Pocus Pulp,Documentary,40.75,26,1.5673076923076923,2005-08-23 15:21:19,7.0,4.36
485,Jersey Sassy,Children,39.94,6,6.656666666666666,2005-08-18 23:21:50,3.0,5.5
884,Terminator Club,Music,39.94,6,6.656666666666666,2005-08-22 06:49:15,3.0,5.833333333333333
316,Fire Wolves,Games,39.93,7,5.704285714285714,2005-08-20 19:19:30,2.0,4.571428571428571
466,Intolerable Intentions,Documentary,39.93,9,4.4366666666666665,2005-08-19 03:38:32,2.0,4.285714285714286
515,Legally Secretary,Children,39.92,9,4.435555555555556,2005-08-22 15:25:33,2.0,3.0
422,Hollow Jeopardy,Sci-Fi,39.92,10,3.992,2005-08-22 11:49:16,2.0,3.5
740,Rollercoaster Bringing,Horror,39.91,10,3.991,2005-08-23 21:26:35,3.0,5.111111111111112
530,Lord Arizona,Action,39.9,11,3.627272727272727,2006-02-14 15:16:03,3.0,4.777777777777778
394,Hamlet Wisdom,Sci-Fi,39.88,14,2.8485714285714288,2005-08-20 10:31:01,4.0,5.5
829,Spinal Rocky,Family,39.87,13,3.066923076923077,2005-08-23 09:38:17,5.0,5.307692307692308
110,Cabin Flash,Children,39.86,15,2.6573333333333333,2005-08-21 15:57:25,4.0,5.142857142857143
652,Pajama Jawbreaker,Classics,39.86,14,2.847142857142857,2005-08-21 23:47:16,4.0,4.071428571428571
233,Disciple Mother,Travel,39.82,19,2.0957894736842104,2006-02-14 15:16:03,6.0,3.294117647058824
602,Mourning Purple,Sci-Fi,39.81,21,1.8957142857142857,2005-08-22 19:54:52,5.0,4.2105263157894735
472,Italian African,Travel,38.94,6,6.49,2005-08-23 16:19:14,2.0,3.5
719,Records Zorro,Sports,38.93,8,4.86625,2005-08-23 21:00:22,2.0,5.0
828,Spiking Element,Classics,38.88,13,2.9907692307692306,2005-08-22 13:03:52,4.0,4.25
574,Midnight Westward,Action,38.84,17,2.2847058823529407,2006-02-14 15:16:03,5.0,3.466666666666667
160,Club Graffiti,Animation,38.82,19,2.043157894736842,2006-02-14 15:16:03,5.0,4.0
282,Encounters Curtain,Drama,38.82,19,2.043157894736842,2005-08-23 13:25:08,6.0,4.277777777777778
982,Women Dorado,Action,38.81,23,1.687391304347826,2006-02-14 15:16:03,7.0,3.6842105263157894
191,Crooked Frogmen,Children,38.79,23,1.6865217391304348,2006-02-14 15:16:03,6.0,4.45
677,Pianist Outfield,New,38.78,21,1.846666666666667,2006-02-14 15:16:03,7.0,4.0
372,Graceland Dynamite,Sports,37.94,6,6.323333333333332,2005-08-17 07:46:54,2.0,4.833333333333333
522,Life Twisted,Comedy,37.92,10,3.792,2005-08-23 13:16:15,2.0,5.25
939,Vertigo Northwest,Comedy,37.92,8,4.74,2005-08-23 15:38:34,4.0,4.25
364,Godfather Diary,New,37.92,8,4.74,2005-08-22 11:19:22,3.0,3.875
815,Snatchers Montezuma,Classics,37.91,9,4.2122222222222225,2005-08-23 19:13:46,3.0,3.333333333333333
700,Prix Undefeated,Family,37.9,11,3.4454545454545453,2005-08-20 13:26:37,3.0,2.9
792,Shrek License,Foreign,37.88,15,2.525333333333333,2006-02-14 15:16:03,3.0,3.0
744,Roots Remember,Classics,37.86,17,2.227058823529412,2005-08-23 16:27:24,5.0,4.785714285714286
488,Joon Northwest,Sports,37.84,17,2.225882352941176,2005-08-23 16:45:28,5.0,3.5625
164,Coast Rainbow,Documentary,37.82,21,1.800952380952381,2005-08-23 10:00:24,5.0,3.7777777777777777
12,Alaska Phantom,Music,37.77,26,1.4526923076923075,2005-08-23 06:11:52,7.0,4.782608695652174
119,Caper Motions,Comedy,37.77,24,1.57375,2005-08-23 22:18:51,7.0,4.0
268,Early Home,Animation,36.94,7,5.277142857142857,2005-08-21 17:57:26,2.0,5.833333333333333
817,Soldiers Evolution,Sci-Fi,36.93,8,4.61625,2005-08-20 14:06:33,2.0,2.8571428571428568
279,Elizabeth Shane,Sports,36.93,10,3.693,2005-08-21 14:51:52,2.0,4.285714285714286
257,Drumline Cyclone,Travel,36.9,11,3.3545454545454545,2005-08-21 07:56:39,3.0,4.6
40,Army Flintstones,Documentary,36.86,16,2.30375,2005-08-22 18:27:33,4.0,4.571428571428571
618,Necklace Outbreak,Drama,36.86,15,2.457333333333333,2005-08-23 09:35:34,4.0,3.6428571428571432
552,Majestic Floats,Documentary,36.85,17,2.1676470588235293,2005-08-22 02:04:38,4.0,5.6
864,Sundance Invasion,Children,36.82,19,1.9378947368421051,2006-02-14 15:16:03,6.0,4.294117647058824
467,Intrigue Worst,Foreign,36.81,20,1.8405,2006-02-14 15:16:03,7.0,4.888888888888888
461,Insects Stone,Animation,36.81,18,2.045,2006-02-14 15:16:03,6.0,2.705882352941176
790,Shootist Superfly,Drama,36.77,24,1.5320833333333332,2005-08-23 05:01:13,7.0,4.478260869565218
970,Westward Seabiscuit,Classics,36.75,26,1.4134615384615383,2005-08-23 08:34:10,7.0,5.48
697,Primary Glass,Action,36.73,27,1.3603703703703705,2005-08-21 08:58:38,8.0,3.7777777777777777
695,President Bang,Family,35.94,7,5.1342857142857135,2005-08-21 08:33:42,2.0,4.666666666666666
769,School Jacket,Foreign,35.94,6,5.99,2005-08-21 09:25:11,2.0,4.666666666666666
340,Frontier Cabin,New,35.94,6,5.99,2005-08-21 05:51:28,2.0,5.833333333333333
102,Bubble Grosse,Sports,35.94,6,5.99,2006-02-14 15:16:03,2.0,3.8
360,Glass Dying,Action,35.88,14,2.5628571428571427,2005-08-23 15:58:05,4.0,4.916666666666666
303,Fantasy Troopers,Action,35.79,26,1.3765384615384617,2005-08-22 12:16:46,6.0,4.7142857142857135
850,Story Side,Action,35.74,28,1.2764285714285715,2005-08-23 17:48:30,7.0,3.6538461538461537
595,Moon Bunch,Foreign,35.74,29,1.2324137931034485,2005-08-22 10:49:06,8.0,4.346153846153847
278,Elf Murder,Music,34.94,7,4.991428571428571,2005-08-21 08:08:43,2.0,3.333333333333333
3,Adaptation Holes,Documentary,34.89,12,2.9075,2005-08-23 13:54:39,4.0,3.0
549,Magnolia Forrester,Action,34.89,11,3.1718181818181814,2005-08-22 11:14:31,4.0,5.090909090909091
241,Donnie Alley,Animation,34.87,14,2.4907142857142857,2005-08-22 16:08:23,4.0,4.384615384615385
452,Illusion Amelie,Foreign,34.87,15,2.324666666666667,2005-08-23 22:42:48,4.0,4.538461538461538
877,Taxi Kick,Music,34.83,17,2.0488235294117647,2005-08-22 08:27:27,5.0,3.882352941176471
457,Independence Hotel,Documentary,34.82,19,1.8326315789473684,2005-08-22 17:48:10,6.0,4.555555555555556
200,Curtain Videotape,Games,34.77,27,1.287777777777778,2006-02-14 15:16:03,8.0,5.217391304347825
270,Earth Vision,New,34.77,23,1.5117391304347827,2006-02-14 15:16:03,7.0,5.3181818181818175
122,Carrie Bunch,Horror,34.77,23,1.5117391304347827,2005-08-23 21:17:17,7.0,4.173913043478261
875,Talented Homicide,Sports,34.76,29,1.1986206896551723,2005-08-23 03:46:47,7.0,4.166666666666666
310,Fever Empire,Games,33.95,5,6.79,2005-08-18 15:32:57,2.0,5.2
550,Maguire Apache,Family,33.91,9,3.7677777777777774,2005-08-22 12:38:20,3.0,5.0
952,Wagon Jaws,Documentary,33.91,10,3.391,2005-08-21 12:10:41,3.0,6.222222222222222
187,Cranes Reservoir,Sports,33.91,11,3.082727272727273,2005-08-22 12:01:06,3.0,4.555555555555556
80,Blanket Beverly,Family,33.9,12,2.825,2006-02-14 15:16:03,4.0,6.0
577,Mile Mulan,Sports,33.89,13,2.606923076923077,2005-08-21 13:22:48,3.0,5.0
832,Splash Gump,Family,33.86,14,2.4185714285714286,2005-08-22 09:49:32,4.0,5.285714285714286
963,Watch Tracy,Animation,33.85,16,2.115625,2005-08-22 17:48:28,5.0,4.466666666666667
524,Lion Uncut,Comedy,33.83,18,1.8794444444444445,2005-08-23 03:32:31,6.0,5.176470588235294
1,Academy Dinosaur,Documentary,33.79,23,1.4691304347826089,2005-08-23 01:01:01,7.0,4.5
976,Wind Phantom,Games,33.79,23,1.4691304347826089,2005-08-23 02:39:56,6.0,4.095238095238095
411,Heavenly Gun,Music,32.94,7,4.7057142857142855,2005-08-19 09:48:52,2.0,3.8333333333333326
883,Tequila Past,Children,32.94,6,5.49,2005-08-22 07:48:01,2.0,2.666666666666667
106,Bulworth Commandments,Games,32.93,7,4.704285714285714,2005-08-22 19:17:24,2.0,5.0
848,Stone Fire,Travel,32.9,11,2.9909090909090907,2005-08-22 22:49:13,3.0,4.7
540,Lucky Flying,Music,32.9,13,2.5307692307692307,2005-08-23 07:10:14,3.0,4.8
553,Maker Gables,Children,32.9,10,3.29,2005-08-23 21:52:56,3.0,4.6
756,Saddle Antitrust,Comedy,32.89,14,2.349285714285714,2005-08-23 19:46:39,3.0,4.363636363636364
736,Robbery Bright,Family,32.88,13,2.529230769230769,2005-08-21 21:27:24,4.0,4.25
862,Summer Scarface,Classics,32.86,16,2.05375,2006-02-14 15:16:03,5.0,5.0
840,Stampede Disturbing,Games,32.86,14,2.347142857142857,2005-08-23 06:19:51,4.0,4.642857142857143
949,Volcano Texas,Games,32.81,22,1.4913636363636364,2006-02-14 15:16:03,6.0,4.555555555555556
19,Amadeus Holy,Action,32.8,21,1.561904761904762,2006-02-14 15:16:03,6.0,4.631578947368421
224,Desperate Trainspotting,Travel,31.94,6,5.323333333333332,2005-08-22 00:34:17,2.0,3.8333333333333326
182,Control Anthem,Comedy,31.94,7,4.562857142857143,2005-08-22 17:47:40,2.0,4.833333333333333
248,Dozen Lion,Documentary,31.94,7,4.562857142857143,2005-08-22 23:54:36,2.0,3.333333333333333
405,Haunted Antitrust,Travel,31.94,6,5.323333333333332,2006-02-14 15:16:03,2.0,4.0
758,Saints Bride,Drama,31.92,8,3.99,2005-08-23 19:59:33,3.0,4.125
225,Destination Jerk,Drama,31.92,8,3.99,2005-08-21 17:08:33,3.0,5.375
714,Random Go,Sci-Fi,31.91,9,3.545555555555556,2005-08-20 23:47:54,3.0,4.777777777777778
306,Feathers Metal,Games,31.91,11,2.900909090909091,2005-08-21 17:33:18,3.0,5.0
576,Mighty Luck,Documentary,31.9,12,2.658333333333333,2005-08-23 08:09:11,3.0,5.2
413,Hedwig Alter,Comedy,31.9,12,2.658333333333333,2005-08-23 08:42:40,3.0,3.7
819,Song Hedwig,Music,31.9,11,2.9,2006-02-14 15:16:03,3.0,4.555555555555556
617,Natural Stock,Family,31.88,13,2.4523076923076923,2005-08-23 11:02:00,3.0,4.333333333333333
732,Rings Heartbreakers,Action,31.87,15,2.1246666666666667,2005-08-23 02:55:42,4.0,5.769230769230769
85,Bonnie Holocaust,Documentary,31.85,16,1.990625,2005-08-21 07:59:47,4.0,3.6
948,Voice Peach,New,31.83,19,1.6752631578947368,2005-08-23 04:33:23,6.0,4.529411764705881
646,Outbreak Divine,Games,31.82,23,1.3834782608695653,2005-08-23 10:22:21,5.0,4.666666666666666
132,Chainsaw Uptown,Sci-Fi,31.81,21,1.5147619047619048,2005-08-23 15:37:31,6.0,4.421052631578947
176,Congeniality Quest,Sports,31.81,22,1.4459090909090908,2005-08-22 23:54:14,6.0,4.473684210526316
309,Feud Frogmen,Family,31.8,25,1.272,2005-08-22 16:11:32,6.0,4.45
781,Seven Swarm,Games,30.95,5,6.19,2005-08-23 04:28:25,2.0,4.0
82,Blood Argonauts,Family,30.93,10,3.093,2005-08-22 00:51:25,2.0,5.571428571428571
490,Jumanji Blade,New,30.92,8,3.865,2005-08-19 13:56:54,2.0,3.5
604,Mulan Moon,Comedy,30.89,13,2.3761538461538465,2006-02-14 15:16:03,3.0,4.6
886,Theory Mermaid,Animation,30.88,11,2.8072727272727276,2006-02-14 15:16:03,4.0,5.1
299,Factory Dragon,Travel,30.85,17,1.8147058823529407,2005-08-19 20:55:23,4.0,3.333333333333333
560,Mars Roman,Games,30.83,19,1.6226315789473684,2005-08-22 18:53:28,5.0,5.176470588235294
140,Cheaper Clyde,Sci-Fi,30.83,20,1.5415,2005-08-22 20:17:49,5.0,4.882352941176471
18,Alter Victory,Animation,30.8,22,1.4,2005-08-23 03:44:51,6.0,4.5
387,Gun Bonnie,Games,30.79,25,1.2316,2005-08-22 19:02:48,6.0,5.095238095238095
11,Alamo Videotape,Foreign,30.78,24,1.2825,2005-08-22 04:04:31,7.0,4.2272727272727275
393,Halloween Nuts,Documentary,29.92,10,2.992,2005-08-23 06:50:27,2.0,5.0
368,Gone Trouble,Drama,29.92,10,2.992,2005-08-22 19:16:04,2.0,5.75
978,Wisdom Worker,Comedy,29.91,9,3.3233333333333333,2005-08-21 03:40:40,3.0,4.555555555555556
726,Reservoir Adaptation,Foreign,29.91,10,2.991,2005-08-23 01:57:20,3.0,5.111111111111112
761,Santa Paris,Children,29.9,11,2.7181818181818183,2005-08-23 20:20:37,3.0,4.2
928,Uptown Young,Children,29.9,12,2.4916666666666667,2005-08-21 14:51:35,3.0,2.5
794,Side Ark,Action,29.88,12,2.49,2005-08-23 15:01:54,4.0,5.75
747,Roxanne Rebel,Games,29.83,19,1.57,2005-08-23 09:01:10,5.0,3.882352941176471
79,Blade Polish,Drama,29.81,22,1.355,2006-02-14 15:16:03,6.0,3.526315789473684
143,Chill Luck,Drama,29.79,22,1.3540909090909092,2005-08-23 21:27:11,7.0,4.285714285714286
926,Untouchables Sunrise,Documentary,28.93,8,3.61625,2005-08-20 16:37:35,2.0,4.571428571428571
541,Luke Mummy,Animation,28.93,7,4.1328571428571435,2005-08-21 18:35:54,2.0,4.571428571428571
185,Cowboy Doom,Foreign,28.93,7,4.1328571428571435,2005-08-22 22:28:36,2.0,2.7142857142857144
146,Chitty Lock,Drama,28.92,8,3.615,2006-02-14 15:16:03,3.0,4.428571428571429
264,Dwarfs Alter,Games,28.92,9,3.2133333333333334,2006-02-14 15:16:03,2.0,4.7142857142857135
983,Won Dares,Music,28.91,9,3.2122222222222225,2005-08-23 01:44:43,3.0,4.555555555555556
482,Jeopardy Encino,Classics,28.9,10,2.89,2005-08-20 12:59:38,3.0,4.0
896,Tootsie Pilot,Children,28.88,15,1.9253333333333331,2005-08-22 18:48:42,4.0,3.5
205,Dances None,Action,28.87,14,2.062142857142857,2006-02-14 15:16:03,4.0,3.6363636363636367
534,Louisiana Harry,Family,28.84,17,1.696470588235294,2005-08-23 08:29:53,5.0,3.875
130,Celebrity Horn,Action,28.79,24,1.1995833333333332,2005-08-23 14:59:51,6.0,4.761904761904762
786,Shepherd Midsummer,Children,28.77,25,1.1508,2005-08-23 19:51:29,7.0,4.217391304347825
459,Informer Double,Foreign,27.95,5,5.59,2005-08-22 16:26:53,2.0,2.8
836,Squad Fish,Sports,27.93,7,3.99,2005-08-23 19:42:46,3.0,3.142857142857143
29,Antitrust Tomatoes,Action,27.93,10,2.793,2005-08-21 01:31:25,2.0,5.0
656,Papi Necklace,Travel,27.93,8,3.49125,2005-08-17 17:16:42,2.0,5.428571428571429
240,Dolls Rage,Sci-Fi,27.92,9,3.102222222222222,2005-08-22 01:00:42,3.0,6.25
585,Mob Duffel,Drama,27.9,12,2.325,2005-08-23 22:50:12,4.0,4.7
581,Minority Kiss,Music,27.89,12,2.3241666666666667,2006-02-14 15:16:03,3.0,4.636363636363637
250,Dragon Squad,Action,27.89,11,2.535454545454545,2005-08-23 18:28:09,4.0,4.363636363636364
717,Rear Trading,Action,27.85,17,1.6382352941176472,2005-08-22 21:15:46,4.0,4.7333333333333325
155,Cleopatra Devil,New,27.85,18,1.5472222222222223,2006-02-14 15:16:03,5.0,5.4
743,Room Roman,Animation,27.82,20,1.391,2005-08-22 21:42:17,6.0,4.888888888888888
281,Encino Elf,Games,27.81,19,1.4636842105263157,2006-02-14 15:16:03,6.0,4.222222222222222
118,Canyon Stock,Animation,27.81,19,1.4636842105263157,2006-02-14 15:16:03,6.0,4.388888888888888
416,Highball Potter,Foreign,27.81,21,1.3242857142857145,2005-08-23 02:48:24,6.0,4.157894736842104
377,Grease Youth,Family,27.8,21,1.3238095238095238,2005-08-23 15:15:19,6.0,3.75
699,Private Drop,Games,26.95,5,5.39,2005-08-19 23:48:23,2.0,4.2
208,Dares Pluto,Animation,26.92,9,2.991111111111111,2005-08-18 08:07:45,3.0,5.25
674,Pet Haunting,Foreign,26.92,8,3.365,2005-08-22 08:43:50,3.0,4.5
923,Unfaithful Kill,Drama,26.92,8,3.365,2005-08-22 09:03:44,3.0,5.0
188,Crazy Home,Comedy,26.91,9,2.99,2005-08-22 13:20:28,3.0,3.888888888888889
315,Finding Anaconda,Family,26.9,12,2.2416666666666667,2005-08-21 16:56:39,3.0,5.2
291,Evolution Alter,Sports,26.88,12,2.24,2005-08-20 20:07:15,4.0,4.75
280,Empire Malkovich,Children,26.81,21,1.2766666666666668,2005-08-20 19:03:25,6.0,5.526315789473684
149,Christmas Moonshine,Children,26.81,21,1.2766666666666668,2005-08-22 11:56:02,6.0,4.947368421052632
107,Bunch Minds,Drama,25.95,5,5.19,2005-08-21 16:05:11,2.0,5.4
684,Pizza Jumanji,Games,25.94,7,3.7057142857142855,2005-08-21 06:20:14,2.0,4.833333333333333
223,Desire Alien,Animation,25.92,8,3.24,2005-08-22 16:22:53,2.0,3.875
600,Motions Details,Horror,25.87,16,1.616875,2006-02-14 15:16:03,4.0,3.8461538461538463
907,Translation Summer,Drama,25.87,15,1.7246666666666668,2005-08-20 11:37:56,4.0,3.615384615384616
89,Borrowers Bedazzled,Animation,25.8,22,1.1727272727272728,2005-08-23 17:42:42,6.0,5.15
741,Roman Punk,Music,25.79,24,1.0745833333333332,2005-08-23 15:59:12,6.0,4.6190476190476195
904,Train Bunch,Horror,24.96,4,6.24,2005-08-23 21:56:04,2.0,3.0
32,Apocalypse Flamingos,New,24.95,6,4.158333333333333,2005-08-23 03:50:48,2.0,3.2
903,Traffic Hobbit,Travel,24.95,5,4.99,2005-08-21 16:24:45,2.0,2.8
441,Hunter Alter,Documentary,24.95,5,4.99,2005-08-23 16:44:31,2.0,6.2
62,Bed Highball,Documentary,24.94,6,4.156666666666666,2005-08-18 17:34:11,2.0,4.833333333333333
990,World Leathernecks,Horror,24.92,8,3.115,2006-02-14 15:16:03,2.0,4.571428571428571
230,Diary Panic,Drama,24.92,9,2.7688888888888887,2005-08-20 21:23:54,2.0,4.375
636,Oleander Clue,Music,24.91,10,2.491,2005-08-22 10:00:04,3.0,5.777777777777778
258,Drums Dynamite,Horror,24.87,13,1.9130769230769231,2005-08-22 23:51:23,4.0,5.461538461538462
629,Notorious Reunion,Documentary,24.87,14,1.7764285714285715,2005-08-22 10:58:45,4.0,6.538461538461538
809,Slipper Fidelity,Sports,24.86,16,1.55375,2005-08-20 05:59:05,4.0,4.5
562,Masked Bubble,Music,24.81,20,1.2405,2005-08-23 11:30:32,6.0,3.421052631578948
727,Resurrection Silverado,Family,24.81,21,1.1814285714285715,2005-08-22 06:46:59,5.0,4.368421052631579
218,Deceiver Betrayed,Drama,24.8,21,1.180952380952381,2005-08-22 17:53:06,7.0,3.65
981,Wolves Desire,Travel,24.79,21,1.1804761904761905,2005-08-21 21:04:42,6.0,3.523809523809524
238,Doctor Grail,Children,23.95,7,3.4214285714285717,2005-08-20 19:04:40,2.0,4.2
558,Mannequin Worst,New,23.95,5,4.79,2005-08-22 17:49:35,2.0,4.0
125,Cassidy Wyoming,Travel,23.94,6,3.99,2005-08-23 19:14:07,2.0,5.166666666666666
136,Chaplin License,New,23.92,8,2.99,2005-08-20 16:02:28,3.0,3.75
163,Clyde Theory,New,23.92,8,2.99,2005-08-23 17:49:26,3.0,5.0
76,Birdcage Casper,Music,23.91,9,2.6566666666666667,2005-08-20 08:27:30,3.0,4.666666666666666
722,Reef Salute,Horror,23.89,11,2.1718181818181814,2005-08-22 16:32:23,4.0,5.090909090909091
492,Jungle Closer,New,23.88,9,2.6533333333333333,2005-08-19 04:27:05,2.0,6.333333333333333
427,Homeward Cider,Documentary,23.84,16,1.49,2005-08-21 13:07:24,4.0,2.875
424,Holocaust Highball,Children,23.84,17,1.4023529411764706,2005-08-22 21:36:51,5.0,4.375
297,Extraordinary Conquerer,Classics,22.94,6,3.823333333333333,2005-08-23 07:28:04,2.0,4.833333333333333
517,Lesson Cleopatra,Sports,22.94,7,3.2771428571428567,2005-08-23 03:58:02,2.0,5.166666666666666
399,Happiness United,Foreign,22.94,6,3.823333333333333,2006-02-14 15:16:03,2.0,4.6
622,Newsies Story,Documentary,22.93,7,3.275714285714286,2005-08-23 10:04:17,2.0,5.0
53,Bang Kwai,Family,22.93,7,3.275714285714286,2006-02-14 15:16:03,2.0,4.166666666666666
787,Shining Roses,Travel,22.92,8,2.865,2005-08-23 15:05:59,3.0,4.875
766,Savannah Town,Drama,22.9,12,1.9083333333333332,2005-08-22 06:07:52,3.0,4.5
290,Everyone Craft,Foreign,22.89,13,1.7607692307692309,2005-08-23 22:24:39,3.0,3.272727272727273
992,Wrath Mile,Documentary,22.87,14,1.6335714285714287,2005-08-22 20:31:38,4.0,4.0
535,Love Suicides,Horror,22.85,20,1.1425,2005-08-23 18:23:11,4.0,4.333333333333333
924,Unforgiven Zoolander,Sci-Fi,22.84,18,1.2688888888888887,2005-08-21 23:33:57,5.0,4.75
249,Dracula Crystal,Classics,22.81,21,1.0861904761904762,2005-08-23 20:29:56,6.0,4.315789473684211
237,Divorce Shining,Sports,21.95,7,3.1357142857142857,2005-08-22 10:13:09,2.0,3.6
675,Phantom Glory,New,21.94,6,3.6566666666666663,2005-08-19 05:11:47,2.0,3.6666666666666665
513,Leathernecks Dwarfs,Travel,21.94,7,3.1342857142857143,2005-08-18 07:16:58,2.0,4.166666666666666
498,Killer Innocent,Family,21.94,6,3.6566666666666663,2005-08-19 23:37:52,2.0,6.0
959,Warlock Werewolf,Children,21.94,6,3.6566666666666663,2005-08-19 13:12:28,2.0,3.8333333333333326
605,Mulholland Beast,Foreign,21.93,7,3.132857142857143,2006-02-14 15:16:03,2.0,4.5
539,Luck Opus,Drama,21.93,10,2.193,2005-08-19 13:09:54,2.0,4.142857142857143
34,Arabia Dogma,Horror,21.88,13,1.6830769230769231,2005-08-20 07:47:05,4.0,3.75
153,Citizen Shrek,Sci-Fi,21.87,13,1.6823076923076925,2005-08-23 09:09:18,4.0,4.769230769230769
942,Vietnam Smoochy,Drama,21.86,15,1.4573333333333331,2005-08-21 19:54:11,4.0,4.571428571428571
105,Bull Shawshank,Action,21.84,16,1.365,2006-02-14 15:16:03,5.0,4.2
663,Patient Sister,Classics,21.82,19,1.1484210526315788,2005-08-23 19:10:32,5.0,3.5
259,Duck Racer,Animation,20.95,6,3.4916666666666667,2005-08-23 07:50:46,2.0,4.0
610,Music Boondock,Family,20.83,19,1.0963157894736841,2005-08-23 16:17:09,5.0,4.352941176470588
479,Jedi Beneath,Family,20.82,19,1.0957894736842104,2005-08-21 14:52:14,5.0,4.277777777777778
97,Bride Intrigue,Action,20.82,19,1.0957894736842104,2005-08-23 20:29:10,6.0,4.277777777777778
352,Gathering Calendar,Games,19.9,11,1.8090909090909089,2005-08-22 01:09:04,4.0,3.3
593,Monterey Labyrinth,Horror,19.89,13,1.53,2005-08-22 07:16:45,4.0,3.8181818181818175
882,Tenenbaums Command,Drama,19.88,13,1.5292307692307692,2005-08-22 21:13:51,4.0,2.583333333333333
440,Hunger Roof,Foreign,19.88,13,1.5292307692307692,2006-02-14 15:16:03,4.0,5.7272727272727275
821,Sorority Queen,Foreign,19.88,12,1.6566666666666667,2005-08-21 15:24:24,4.0,3.5
634,Odds Boogie,Family,19.87,15,1.3246666666666669,2005-08-23 14:01:07,4.0,4.846153846153847
894,Tomatoes Hellfighters,Travel,19.86,14,1.4185714285714286,2005-08-21 14:11:19,5.0,3.928571428571429
799,Simon North,Horror,18.94,6,3.1566666666666667,2005-08-23 01:22:12,2.0,4.333333333333333
569,Menagerie Rushmore,Animation,18.94,7,2.7057142857142855,2005-08-23 01:38:48,2.0,5.0
754,Rushmore Mermaid,Comedy,18.94,6,3.1566666666666667,2005-08-22 01:58:15,2.0,3.0
454,Impact Aladdin,Music,18.92,9,2.102222222222222,2005-08-18 03:37:31,2.0,6.875
834,Spoilers Hellfighters,Documentary,18.91,10,1.891,2005-08-23 10:57:40,3.0,3.888888888888889
831,Spirited Casualties,Sci-Fi,18.9,11,1.7181818181818183,2005-08-23 06:21:20,3.0,4.9
509,Language Cowboy,Children,18.9,11,1.7181818181818183,2005-08-19 07:36:42,3.0,4.4
186,Craft Outfield,Drama,18.86,16,1.17875,2005-08-21 10:19:25,4.0,3.8571428571428568
688,Polish Brooklyn,Children,18.85,18,1.0472222222222223,2005-08-23 13:48:34,4.0,4.466666666666667
520,License Weekend,Sci-Fi,17.94,7,2.5628571428571427,2005-08-20 05:10:39,2.0,2.166666666666667
507,Ladybugs Armageddon,Games,17.94,6,2.99,2005-08-22 04:15:48,2.0,5.0
547,Magic Mallrats,Children,17.93,7,2.5614285714285714,2005-08-22 23:38:01,2.0,3.5714285714285716
613,Mystic Truman,Comedy,17.92,10,1.792,2005-08-23 16:44:56,2.0,4.75
425,Holy Tadpole,Classics,17.92,9,1.9911111111111113,2005-08-20 08:27:01,2.0,5.25
357,Gilbert Pelican,Classics,17.91,9,1.99,2005-08-23 20:28:44,4.0,6.111111111111112
283,Ending Crowds,New,17.9,11,1.6272727272727272,2005-08-21 19:09:40,3.0,4.5
430,Hook Chariots,Animation,17.87,13,1.3746153846153846,2005-08-23 10:35:51,4.0,4.692307692307692
27,Anonymous Human,Sports,17.87,13,1.3746153846153846,2005-08-20 00:18:15,4.0,4.461538461538462
855,Streak Ridgemont,Documentary,17.87,16,1.116875,2006-02-14 15:16:03,4.0,4.916666666666666
696,Pride Alamo,Animation,17.85,16,1.115625,2006-02-14 15:16:03,5.0,2.7857142857142856
812,Smoking Barbarella,Documentary,17.84,18,0.9911111111111112,2006-02-14 15:16:03,6.0,3.625
343,Full Flatliners,Children,16.95,5,3.39,2005-08-21 13:32:38,2.0,3.4
94,Braveheart Human,Family,16.95,5,3.39,2005-08-20 16:05:11,2.0,3.4
180,Conspiracy Spirit,Classics,16.95,5,3.39,2005-08-18 12:58:40,2.0,3.6
997,Youth Kick,Music,16.94,6,2.8233333333333333,2005-08-18 17:31:36,2.0,4.666666666666666
868,Superfly Trip,Travel,16.91,10,1.691,2005-08-18 18:58:35,3.0,3.6666666666666665
339,Frogmen Breaking,Travel,16.9,10,1.69,2005-08-19 15:25:48,3.0,4.8
66,Beneath Rush,Children,16.9,10,1.69,2005-08-20 09:21:08,3.0,3.9
598,Mosquito Armageddon,Sports,16.89,15,1.126,2006-02-14 15:16:03,4.0,4.7
538,Loverboy Attacks,New,16.89,12,1.4075,2005-08-21 01:44:14,3.0,4.8181818181818175
64,Beethoven Exorcist,Drama,16.89,11,1.5354545454545456,2005-08-20 21:21:34,3.0,4.363636363636364
348,Gandhi Kwai,Family,16.87,17,0.9923529411764704,2005-08-22 05:07:17,4.0,5.0
795,Siege Madre,Family,16.86,15,1.124,2005-08-23 06:33:26,4.0,4.785714285714286
584,Mixed Doors,Foreign,15.96,4,3.99,2005-08-21 18:34:21,2.0,5.75
400,Hardly Robbers,Documentary,15.96,4,3.99,2005-08-22 20:44:06,2.0,6.5
612,Mussolini Spoilers,Sports,15.95,5,3.19,2005-08-19 20:53:43,2.0,3.6
974,Wild Apollo,New,15.94,6,2.6566666666666667,2006-02-14 15:16:03,2.0,4.2
511,Lawrence Love,Action,15.87,13,1.2207692307692308,2005-08-23 21:45:02,5.0,3.9230769230769234
797,Silence Kane,Music,15.85,16,0.990625,2005-08-22 20:55:56,5.0,4.533333333333333
362,Glory Tracy,Games,14.95,5,2.99,2005-08-23 04:33:39,2.0,3.4
808,Sling Luke,Classics,14.94,6,2.49,2005-08-18 20:20:59,2.0,4.666666666666666
935,Vanished Garden,New,14.94,7,2.1342857142857143,2006-02-14 15:16:03,2.0,5.833333333333333
752,Runner Madigan,Music,14.92,8,1.865,2005-08-19 11:33:20,3.0,3.5
194,Crow Grease,Action,14.89,12,1.2408333333333332,2005-08-23 07:31:10,4.0,3.8181818181818175
63,Bedazzled Married,Family,14.88,13,1.1446153846153846,2005-08-23 20:44:36,4.0,3.5
762,Sassy Packer,Games,14.88,13,1.1446153846153846,2005-08-22 21:19:24,4.0,3.8333333333333326
813,Smoochy Control,Sports,14.88,12,1.24,2006-02-14 15:16:03,4.0,4.545454545454546
379,Greedy Roots,Drama,14.87,14,1.0621428571428573,2005-08-23 18:01:31,4.0,2.6923076923076925
830,Spirit Flintstones,Horror,14.86,15,0.9906666666666666,2005-08-20 23:18:54,4.0,3.5714285714285716
965,Watership Frontier,Horror,13.94,6,2.3233333333333333,2005-08-22 11:48:19,2.0,5.666666666666666
262,Dumbo Lust,Family,13.94,6,2.3233333333333333,2005-08-23 05:55:22,2.0,4.333333333333333
493,Kane Exorcist,Foreign,13.88,14,0.9914285714285714,2005-08-21 02:04:33,3.0,2.916666666666667
423,Hollywood Anonymous,Children,13.87,13,1.0669230769230769,2005-08-21 01:10:29,4.0,3.7692307692307687
407,Hawk Chill,Documentary,12.94,7,1.8485714285714288,2005-08-20 20:42:12,2.0,4.166666666666666
516,Legend Jedi,Music,12.92,9,1.4355555555555557,2005-08-21 19:12:47,3.0,5.375
630,Notting Speakeasy,Drama,12.91,10,1.291,2005-08-22 05:38:32,3.0,4.666666666666666
940,Victory Academy,Sports,12.91,9,1.4344444444444444,2005-08-22 23:18:10,3.0,3.444444444444444
931,Valentine Vanishing,Travel,12.9,12,1.075,2005-08-19 07:47:43,3.0,4.9
947,Vision Torque,Foreign,11.94,7,1.7057142857142855,2005-08-22 16:35:47,2.0,3.8333333333333326
751,Runaway Tenenbaums,New,11.93,8,1.49125,2005-08-21 06:18:22,2.0,4.7142857142857135
822,Soup Wisdom,Family,11.93,8,1.49125,2005-08-20 22:40:47,2.0,3.5714285714285716
866,Sunset Racer,Family,11.93,8,1.49125,2005-08-23 09:40:04,2.0,5.0
594,Montezuma Command,Action,11.91,9,1.3233333333333333,2005-08-23 14:35:10,3.0,3.7777777777777777
157,Clockwork Paradise,Children,11.9,10,1.19,2005-08-23 05:26:30,3.0,4.5
566,Maude Mod,Foreign,10.93,8,1.36625,2005-08-19 12:04:03,2.0,4.285714285714286
998,Zhivago Core,Horror,10.93,9,1.2144444444444444,2006-02-14 15:16:03,2.0,5.333333333333333
477,Jawbreaker Brooklyn,Music,10.91,10,1.091,2005-08-21 19:05:23,3.0,2.111111111111111
899,Towers Hurricane,Classics,10.91,11,0.9918181818181818,2005-08-18 02:37:07,3.0,3.6666666666666665
168,Comancheros Enemy,Children,9.94,6,1.6566666666666667,2005-08-23 22:25:26,2.0,2.833333333333333
52,Ballroom Mockingbird,Foreign,9.93,8,1.24125,2005-08-22 15:42:57,2.0,4.571428571428571
178,Connection Microcosmos,Comedy,8.95,7,1.2785714285714287,2006-02-14 15:16:03,2.0,5.75
401,Harold French,Drama,8.93,8,1.11625,2005-08-21 22:27:11,2.0,2.428571428571429
355,Ghostbusters Elf,Animation,8.93,9,0.9922222222222222,2005-08-23 13:24:57,2.0,4.7142857142857135
839,Stallion Sundance,Sci-Fi,7.94,7,1.1342857142857141,2005-08-23 07:13:43,2.0,2.833333333333333
475,Japanese Run,Horror,7.94,6,1.3233333333333333,2005-08-23 14:43:15,2.0,4.0
523,Lights Deer,Classics,7.93,8,0.99125,2005-08-18 13:42:14,2.0,5.142857142857143
910,Treatment Jekyll,Drama,6.94,7,0.9914285714285714,2005-08-21 04:09:18,2.0,2.0
196,Cruelty Unforgiven,Classics,6.94,7,0.9914285714285714,2005-08-23 02:39:37,2.0,3.333333333333333
996,Young Language,Documentary,6.93,7,0.99,2005-08-23 01:50:31,2.0,4.0
718,Rebel Airport,Music,6.93,8,0.86625,2005-08-23 01:59:14,2.0,4.7142857142857135
335,Freedom Cleopatra,Comedy,5.95,5,1.19,2005-08-21 12:48:08,2.0,2.4
261,Duffel Apocalypse,Documentary,5.94,7,0.8485714285714285,2005-08-21 00:21:29,2.0,1.6666666666666667
635,Oklahoma Jumanji,New,5.94,6,0.99,2005-08-23 03:44:30,2.0,4.833333333333333
885,Texas Watch,Horror,5.94,6,0.99,2005-08-21 21:02:22,2.0,2.666666666666667
