country,city,total_rentals,total_revenue,unique_customers,most_popular_film_category
Runion,Saint-Denis,45,211.55,1,Sci-Fi
United States,Cape Coral,42,208.58,1,Animation
Brazil,Santa Brbara dOeste,39,194.61,1,Animation
Netherlands,Apeldoorn,38,191.62,1,Games
Belarus,Molodetno,40,189.6,1,Drama
Iran,Qomsheh,37,183.63,1,Comedy
United Kingdom,London,46,174.54,2,Drama
United States,Memphis,33,167.67,1,Family
Canada,Richmond Hill,38,167.62,1,Action
Philippines,Tanza,39,166.61,1,Foreign
India,Valparai,33,162.67,1,Foreign
Philippines,Santa Rosa,32,161.68,1,Games
United States,Aurora,42,159.58,2,Children
Spain,Ourense (Orense),35,158.65,1,Games
Yemen,Hodeida,31,157.69,1,Action
Philippines,Tanauan,34,156.66,1,Animation
India,Bijapur,34,154.66,1,Animation
India,Halisahar,29,152.71,1,Sports
Russian Federation,Usolje-Sibirskoje,31,152.69,1,Animation
Indonesia,Probolinggo,32,152.68,1,Action
Ukraine,Sumy,27,151.73,1,Classics
China,Zhoushan,31,151.69,1,Family
Algeria,Skikda,32,151.68,1,Animation
Vietnam,Cam Ranh,31,149.69,1,Classics
Taiwan,Changhwa,39,149.61,1,Family
India,Bhilwara,29,147.71,1,Action
Holy See (Vatican City State),Citt del Vaticano,32,146.68,1,Documentary
Thailand,Songkhla,32,146.68,1,Drama
Bangladesh,Tangail,32,146.68,1,Sci-Fi
China,Fuyu,33,146.67,1,Music
Russian Federation,Maikop,30,145.7,1,Family
Turkey,Balikesir,36,145.64,1,Sci-Fi
Sudan,Omdurman,30,144.7,1,Drama
Puerto Rico,Arecibo,32,144.68,1,New
Taiwan,Hsichuh,34,144.66,1,Action
Nauru,Yangor,30,143.7,1,Comedy
Mexico,Uruapan,32,143.68,1,Sports
Latvia,Daugavpils,30,142.7,1,Games
Thailand,Nakhon Sawan,31,142.69,1,Animation
China,Lengshuijiang,33,142.67,1,New
Mozambique,Beira,34,142.66,1,Documentary
Brazil,Vila Velha,29,141.71,1,Action
India,Rae Bareli,31,141.69,1,Sports
Brazil,Belm,31,140.69,1,Sports
Kenya,Nyeri,28,139.72,1,Action
Egypt,Shubra al-Khayma,31,139.69,1,Sci-Fi
Iran,Najafabad,31,139.69,1,Animation
Sweden,Malm,33,139.67,1,Classics
South Korea,Naju,31,138.69,1,Classics
Japan,Shimonoseki,35,138.65,1,Children
Colombia,Sincelejo,28,137.72,1,Action
Nigeria,Ife,30,137.7,1,New
Italy,Bergamo,33,137.67,1,Family
Poland,Wroclaw,28,135.72,1,Comedy
Ecuador,Robamba,30,135.7,1,Sports
Taiwan,Fengshan,32,135.68,1,New
Brazil,Juiz de Fora,27,134.73,1,Sports
Mexico,Cuauhtmoc,28,134.72,1,Children
United States,Akron,29,134.71,1,Comedy
Yemen,Aden,30,134.7,1,New
Colombia,Dos Quebradas,30,134.7,1,Action
Turkey,Usak,31,134.69,1,Foreign
India,Bhopal,32,134.68,1,Classics
Taiwan,Nantou,35,134.65,1,Classics
Philippines,Imus,28,133.72,1,Foreign
Japan,Omiya,29,133.71,1,Animation
Turkey,Batman,30,133.7,1,Action
China,Changzhou,32,133.68,1,Comedy
Czech Republic,Olomouc,28,132.72,1,Children
China,Binzhou,30,132.7,1,Sports
Poland,Tychy,35,132.65,1,Foreign
Vietnam,Nam Dinh,26,131.74,1,Music
Turkey,Osmaniye,27,131.73,1,Classics
South Africa,Boksburg,31,131.69,1,Documentary
Russian Federation,Moscow,31,131.69,1,Animation
Greece,Athenai,24,130.76,1,Action
Mexico,Salamanca,28,130.72,1,Sci-Fi
Yugoslavia,Kragujevac,28,130.72,1,Animation
India,Siliguri (Shiliguri),30,130.7,1,Documentary
Turkey,Tokat,32,130.68,1,Action
Brazil,Boa Vista,32,130.68,1,Classics
United States,Lancaster,28,129.72,1,Classics
Argentina,Avellaneda,29,129.71,1,Action
Israel,Ashdod,30,129.7,1,Sci-Fi
China,Jinchang,32,129.68,1,Foreign
China,Yinchuan,27,128.73,1,Drama
Nigeria,Ilorin,29,128.71,1,Animation
China,Qinhuangdao,29,128.71,1,New
Mexico,Atlixco,30,128.7,1,Animation
Germany,Mannheim,31,128.69,1,Animation
Italy,Syrakusa,27,127.73,1,Drama
Germany,Erlangen,27,127.73,1,Travel
Japan,Fukuyama,31,127.69,1,Children
Vietnam,Nha Trang,31,127.69,1,Drama
Moldova,Chisinau,34,127.66,1,Children
Turkmenistan,Ashgabat,26,126.74,1,Family
United States,Sterling Heights,27,126.73,1,Music
Brazil,Blumenau,27,126.73,1,New
Canada,Vancouver,27,126.73,1,Animation
Mexico,Huixquilucan,28,126.72,1,Comedy
Germany,Duisburg,30,126.7,1,Foreign
India,Purnea (Purnia),26,125.74,1,Documentary
Mexico,Coatzacoalcos,26,125.74,1,Foreign
Russian Federation,Kolpino,28,125.72,1,Family
Japan,Urawa,32,125.68,1,Action
Brazil,Santo Andr,33,125.67,1,Documentary
Chile,Antofagasta,26,124.74,1,Action
Argentina,La Plata,29,124.71,1,Action
Nigeria,Ikerre,32,124.68,1,Documentary
China,Liaocheng,34,124.66,1,Children
United States,San Bernardino,26,123.74,1,Sports
India,Parbhani,26,123.74,1,Action
Indonesia,Pontianak,28,123.72,1,Action
Philippines,Cabuyao,29,123.71,1,Sports
Philippines,Davao,30,123.7,1,Foreign
United States,Fontana,30,123.7,1,Action
Taiwan,Lungtan,34,123.66,1,Drama
Philippines,Ozamis,26,122.74,1,Animation
Brazil,Goinia,26,122.74,1,Drama
Chad,NDjamna,28,122.72,1,Sci-Fi
Japan,Kakamigahara,29,122.71,1,Documentary
Philippines,Lapu-Lapu,30,122.7,1,Comedy
Indonesia,Lhokseumawe,31,122.69,1,Foreign
India,Vijayawada,23,121.77,1,Action
Malawi,Lilongwe,27,121.73,1,Classics
United Kingdom,York,27,121.73,1,Drama
Zambia,Kitwe,30,121.7,1,Animation
Mexico,El Fuerte,30,121.7,1,Sci-Fi
"Virgin Islands, U.S.",Charlotte Amalie,31,121.69,1,Animation
Egypt,Mit Ghamr,25,120.75,1,Sci-Fi
Egypt,Sawhaj,26,120.74,1,Drama
Russian Federation,Kirovo-Tepetsk,26,120.74,1,Family
Italy,Brindisi,29,120.71,1,Classics
Peru,Lima,30,120.7,1,Horror
India,Mysore,24,119.76,1,New
China,Emeishan,25,119.75,1,Classics
Russian Federation,Pjatigorsk,26,119.74,1,Action
Greenland,Nuuk,28,119.72,1,Games
Malaysia,Sungai Petani,28,119.72,1,Sci-Fi
Ukraine,Simferopol,24,118.76,1,Action
Armenia,Yerevan,25,118.75,1,Animation
Ecuador,Loja,25,118.75,1,Comedy
Peru,Hunuco,27,118.73,1,Family
Poland,Jastrzebie-Zdrj,30,118.7,1,Animation
France,Toulouse,30,118.7,1,Action
Romania,Botosani,31,118.69,1,Sci-Fi
United Kingdom,Southampton,23,117.77,1,Games
Japan,Otsu,23,117.77,1,Sci-Fi
Argentina,Quilmes,24,117.76,1,Sports
United States,Joliet,25,117.75,1,Drama
India,Pudukkottai,25,117.75,1,Sci-Fi
Kazakstan,Zhezqazghan,28,117.72,1,Documentary
Saudi Arabia,Jedda,24,116.76,1,Family
United States,Brockton,25,116.75,1,Sports
Japan,Miyakonojo,26,116.74,1,Animation
India,Karnal,27,116.73,1,New
Philippines,Mandaluyong,27,116.73,1,Sci-Fi
Philippines,Baybay,28,116.72,1,Music
India,Satna,29,116.71,1,Foreign
French Polynesia,Papeete,26,115.74,1,Classics
India,Bhimavaram,28,115.72,1,Sci-Fi
Russian Federation,Korolev,29,115.71,1,Action
United States,Greensboro,30,115.7,1,Animation
Iran,Tabriz,24,114.76,1,Sci-Fi
Japan,Iwakuni,26,114.74,1,Animation
Gambia,Banjul,27,114.73,1,Comedy
Ecuador,Portoviejo,27,114.73,1,Family
Philippines,Cavite,28,114.72,1,Action
Argentina,Merlo,28,114.72,1,Sci-Fi
Japan,Sasebo,30,114.7,1,Classics
Mozambique,Naala-Porto,23,113.77,1,Action
Italy,Brescia,25,113.75,1,Action
Austria,Salzburg,26,113.74,1,Drama
China,Tiefa,26,113.74,1,Animation
Taiwan,Touliu,27,113.73,1,Action
China,Leshan,27,113.73,1,Sports
Pakistan,Dadu,28,113.72,1,Action
Brazil,Sorocaba,29,113.71,1,Sports
China,Datong,30,113.7,1,Music
Mexico,Huejutla de Reyes,24,112.76,1,Sci-Fi
Bulgaria,Ruse,24,112.76,1,Documentary
United States,Lincoln,25,112.75,1,Documentary
India,Jhansi,26,112.74,1,Family
Ukraine,Mukateve,27,112.73,1,Action
China,Shaoguan,28,112.72,1,Animation
Venezuela,Maracabo,23,111.77,1,New
India,Ambattur,24,111.76,1,Drama
Japan,Onomichi,24,111.76,1,Sci-Fi
Taiwan,Tanshui,26,111.74,1,Action
Iraq,Mosul,27,111.73,1,Sports
Venezuela,Cuman,27,111.73,1,Documentary
Austria,Graz,27,111.73,1,Documentary
India,Haldia,29,111.71,1,Classics
Hungary,Szkesfehrvr,29,111.71,1,Family
Thailand,Pak Kret,29,111.71,1,Sci-Fi
Japan,Kuwana,23,110.77,1,Sports
Dominican Republic,Santiago de los Caballeros,24,110.76,1,Drama
China,Baiyin,24,110.76,1,Action
Chile,Coquimbo,26,110.74,1,Classics
Yemen,Taizz,27,110.73,1,Family
China,Yuncheng,27,110.73,1,Sci-Fi
China,Meixian,28,110.72,1,Animation
Egypt,Bilbays,28,110.72,1,Animation
China,Jinzhou,29,110.71,1,Documentary
China,Xiangfan,32,110.68,1,New
India,Udaipur,23,109.77,1,Sci-Fi
South Korea,Tonghae,23,109.77,1,Music
Mexico,Cuernavaca,24,109.76,1,Music
Tanzania,Zanzibar,25,109.75,1,New
Russian Federation,Kurgan,27,109.73,1,Classics
Russian Federation,Nabereznyje Telny,27,109.73,1,Action
China,Baicheng,27,109.73,1,Sports
Ukraine,Kamjanets-Podilskyi,28,109.72,1,Children
Tanzania,Mwanza,28,109.72,1,Games
India,Uluberia,28,109.72,1,Foreign
China,Shanwei,29,109.71,1,Drama
Nigeria,Benin City,22,108.78,1,Action
China,Jining,23,108.77,1,Sports
Nigeria,Ogbomosho,24,108.76,1,Sports
Bahrain,al-Manama,24,108.76,1,Sports
Turkey,Sivas,25,108.75,1,Drama
Azerbaijan,Sumqayit,25,108.75,1,Foreign
Japan,Akishima,27,108.73,1,Children
Indonesia,Ciomas,28,108.72,1,Animation
India,Chandrapur,29,108.71,1,Music
Spain,Donostia-San Sebastin,21,107.79,1,Sports
Poland,Plock,22,107.78,1,Sports
Brazil,Guaruj,23,107.77,1,Documentary
United Kingdom,Southend-on-Sea,24,107.76,1,Sports
Bangladesh,Dhaka,26,107.74,1,Drama
South Africa,Soshanguve,27,107.73,1,Animation
China,Weifang,27,107.73,1,Classics
Algeria,Batna,27,107.73,1,New
North Korea,Pyongyang,29,107.71,1,Documentary
Dominican Republic,San Felipe de Puerto Plata,30,107.7,1,Foreign
Brazil,Poos de Caldas,30,107.7,1,Sci-Fi
Brunei,Bandar Seri Begawan,34,107.66,1,Sports
United Kingdom,Stockport,21,106.79,1,Animation
Mexico,Mexicali,23,106.77,1,Family
Japan,Iwaki,23,106.77,1,New
Switzerland,Bern,24,106.76,1,Animation
Kuwait,Jalib al-Shuyukh,25,106.75,1,Classics
South Africa,Johannesburg,26,106.74,1,Music
Indonesia,Pemalang,26,106.74,1,Family
United States,Rockford,27,106.73,1,Drama
Russian Federation,Ljubertsy,27,106.73,1,Documentary
Latvia,Liepaja,27,106.73,1,Sci-Fi
Spain,A Corua (La Corua),28,106.72,1,Comedy
China,Hohhot,32,106.68,1,Sports
Colombia,Sogamoso,22,105.78,1,Animation
Russian Federation,Smolensk,22,105.78,1,Travel
Argentina,Santa F,22,105.78,1,Drama
Kenya,Kisumu,23,105.77,1,Games
United States,Dayton,23,105.77,1,Action
United States,Dallas,24,105.76,1,Comedy
Malaysia,Kuching,24,105.76,1,Action
Japan,Iwatsuki,26,105.74,1,Animation
Morocco,Nador,26,105.74,1,Action
United States,Augusta-Richmond County,27,105.73,1,Documentary
Estonia,Tartu,28,105.72,1,Family
India,Munger (Monghyr),30,105.7,1,Action
Paraguay,San Lorenzo,21,104.79,1,Horror
Turkey,Sultanbeyli,22,104.78,1,Horror
Hong Kong,Kowloon and New Kowloon,24,104.76,1,Foreign
India,Etawah,25,104.75,1,Action
Malaysia,Ipoh,25,104.75,1,Children
India,Kamarhati,26,104.74,1,Classics
South Africa,Rustenburg,26,104.74,1,Games
Pakistan,Shikarpur,27,104.73,1,Action
Russian Federation,Atinsk,28,104.72,1,Drama
China,Tongliao,29,104.71,1,Animation
Netherlands,Ede,22,103.78,1,New
Nigeria,Owo,23,103.77,1,Children
India,Patiala,23,103.77,1,Sports
South Korea,Uijongbu,26,103.74,1,Animation
India,Bhusawal,26,103.74,1,Animation
United States,Sunnyvale,26,103.74,1,Sports
Sri Lanka,Jaffna,27,103.73,1,Children
Pakistan,Mardan,27,103.73,1,New
United Arab Emirates,Sharja,22,102.78,1,Drama
Yugoslavia,Novi Sad,23,102.77,1,Sci-Fi
Russian Federation,Kamyin,23,102.77,1,Animation
United Arab Emirates,al-Ayn,24,102.76,1,Sports
Mexico,Celaya,24,102.76,1,Documentary
Tanzania,Tabora,25,102.75,1,Action
Brazil,Po,25,102.75,1,Action
Russian Federation,Lipetsk,21,101.79,1,Animation
China,Dongying,22,101.78,1,Games
Russian Federation,Jelets,23,101.77,1,Animation
United States,Garden Grove,24,101.76,1,Horror
United States,Compton,24,101.72,1,Games
Argentina,Tandil,30,101.7,1,Documentary
Mexico,Acua,23,100.77,1,Children
Poland,Czestochowa,24,100.76,1,Sports
Taiwan,Chungho,24,100.76,1,Drama
Argentina,Vicente Lpez,25,100.75,1,Sci-Fi
Germany,Halle/Saale,25,100.75,1,Sci-Fi
India,Pune,28,100.72,1,Children
Japan,Isesaki,22,99.78,1,New
Japan,Sagamihara,23,99.77,1,Games
Liechtenstein,Vaduz,26,99.74,1,Action
India,Ahmadnagar,26,99.74,1,Sci-Fi
Romania,Bucuresti,27,99.73,1,Horror
Japan,Ueda,28,99.72,1,Sci-Fi
United Arab Emirates,Abu Dhabi,29,99.71,1,Action
Anguilla,South Hill,32,99.68,1,Travel
South Africa,Kimberley,18,98.82,1,Sports
Bangladesh,Jamalpur,23,98.77,1,Music
India,Allappuzha (Alleppey),24,98.76,1,Games
Japan,Higashiosaka,25,98.75,1,Sci-Fi
Mexico,San Juan Bautista Tuxtepec,25,98.75,1,Travel
Brazil,Vitria de Santo Anto,25,98.75,1,Animation
Philippines,Iligan,26,98.74,1,Foreign
India,Adoni,20,97.8,1,Children
French Guiana,Cayenne,20,97.8,1,Animation
Colombia,Florencia,21,97.79,1,Animation
Ukraine,ostka,22,97.78,1,Games
Nigeria,Deba Habe,22,97.78,1,Animation
India,Firozabad,22,97.78,1,Comedy
Nigeria,Sokoto,22,97.78,1,Foreign
India,Varanasi (Benares),23,97.77,1,New
Mexico,Jos Azueta,25,97.75,1,Foreign
Myanmar,Monywa,25,97.75,1,Comedy
United States,Salinas,21,96.79,1,Documentary
India,Palghat (Palakkad),21,96.79,1,Children
India,Bhavnagar,21,96.79,1,Comedy
Cameroon,Bamenda,22,96.78,1,Foreign
South Africa,Springs,22,96.78,1,Sci-Fi
United States,Citrus Heights,23,96.77,1,Action
Mexico,Allende,23,96.77,1,Travel
Nigeria,Effon-Alaiye,24,96.76,1,Drama
Faroe Islands,Trshavn,24,96.76,1,Animation
Argentina,Escobar,24,96.76,1,Animation
Indonesia,Madiun,25,96.75,1,New
China,Laohekou,25,96.75,1,Games
Brazil,Rio Claro,26,96.74,1,Sci-Fi
India,Rajkot,20,95.8,1,Animation
Russian Federation,Ivanovo,21,95.79,1,Horror
Mexico,Carmen,21,95.79,1,Classics
Italy,Livorno,22,95.78,1,Animation
Mexico,La Paz,22,95.78,1,Drama
Colombia,Pereira,22,95.78,1,Documentary
China,Yuzhou,22,95.78,1,Music
Senegal,Ziguinchor,24,95.76,1,Sci-Fi
China,Xinxiang,24,95.76,1,Sports
Vietnam,Haiphong,24,95.76,1,New
South Africa,Botshabelo,28,95.72,1,Animation
Morocco,Sal,19,94.81,1,Foreign
Mexico,Hidalgo,22,94.78,1,Sports
India,Shivapuri,22,94.78,1,Classics
United States,Warren,23,94.77,1,Documentary
Iran,Esfahan,24,94.76,1,Documentary
Indonesia,Jakarta,24,94.76,1,Games
Israel,Tel Aviv-Jaffa,24,94.76,1,Foreign
Venezuela,Caracas,25,94.75,1,Action
Nepal,Birgunj,17,93.83,1,Foreign
Angola,Benguela,20,93.8,1,Comedy
South Africa,Newcastle,20,93.8,1,Games
Mexico,San Felipe del Progreso,21,93.79,1,Games
Brazil,So Leopoldo,21,93.79,1,Animation
India,Rampur,22,93.78,1,Animation
Tuvalu,Funafuti,22,93.78,1,Children
Japan,Tama,24,93.76,1,Sci-Fi
Brazil,Anpolis,25,93.75,1,Sports
Angola,Namibe,25,93.75,1,Animation
Iran,Kermanshah,26,93.74,1,Classics
India,Yamuna Nagar,26,93.74,1,Drama
Brazil,Juazeiro do Norte,19,92.81,1,Action
Brazil,So Bernardo do Campo,20,92.8,1,Family
Brazil,Angra dos Reis,20,92.8,1,Action
Japan,Okinawa,21,92.79,1,Animation
Madagascar,Mahajanga,21,92.79,1,Horror
China,Suihua,22,92.78,1,Action
Bolivia,Sucre,22,92.78,1,Animation
Cambodia,Battambang,24,92.76,1,Animation
Netherlands,Emmen,25,92.75,1,Family
Philippines,Bayugan,25,92.75,1,Drama
United States,Peoria,25,92.75,1,Family
Japan,Okayama,19,91.81,1,Family
Philippines,Talavera,19,91.81,1,Animation
United States,Bellevue,20,91.8,1,Children
China,Nanyang,21,91.79,1,Comedy
Saudi Arabia,al-Qatif,22,91.78,1,Animation
Germany,Witten,22,91.78,1,Animation
Ethiopia,Addis Abeba,23,91.77,1,Animation
Mexico,Cuautla,25,91.75,1,Action
Mexico,Monclova,25,91.75,1,Documentary
China,Daxian,30,91.7,1,Documentary
Philippines,Tuguegarao,22,90.78,1,Foreign
Brazil,Aparecida de Goinia,22,90.78,1,Travel
China,Sanya,23,90.77,1,Action
South Korea,Kimchon,23,90.77,1,Sports
Iran,Arak,25,90.75,1,Music
Philippines,Gingoog,27,90.73,1,Sci-Fi
China,Haining,20,89.8,1,Classics
French Polynesia,Faaa,22,89.78,1,New
Taiwan,Chiayi,22,89.78,1,Children
Mexico,Guadalajara,22,89.78,1,Action
Azerbaijan,Baku,22,89.78,1,Games
Nigeria,Ondo,23,89.77,1,Horror
Algeria,Bchar,23,89.77,1,Sci-Fi
Colombia,Buenaventura,23,89.77,1,Animation
Egypt,Idfu,23,89.77,1,Family
Turkey,Eskisehir,23,89.77,1,Horror
Japan,Kurashiki,24,89.76,1,Games
Canada,Halifax,24,89.76,1,Sci-Fi
Cameroon,Yaound,29,89.71,1,Foreign
China,Tianjin,19,88.81,1,Games
Mexico,Coacalco de Berriozbal,19,88.81,1,Sci-Fi
"Congo, The Democratic Republic of the",Mwene-Ditu,20,88.8,1,Travel
Italy,Alessandria,20,88.8,1,Animation
Netherlands,Amersfoort,22,88.78,1,Sports
India,Jaipur,22,88.78,1,Action
India,Uttarpara-Kotrung,23,88.77,1,Animation
Japan,Nagareyama,24,88.76,1,Classics
Mexico,Torren,25,88.75,1,Drama
Philippines,Taguig,27,88.73,1,Action
Russian Federation,Elista,18,87.82,1,Foreign
Indonesia,Gorontalo,19,87.81,1,Action
Canada,Gatineau,20,87.8,1,Animation
Vietnam,Vinh,20,87.8,1,Classics
Japan,Kanazawa,20,87.8,1,Classics
United States,Arlington,20,87.8,1,Foreign
Paraguay,Asuncin,21,87.79,1,Animation
Canada,Oshawa,21,87.79,1,Animation
Brazil,guas Lindas de Gois,22,87.78,1,Sci-Fi
Russian Federation,Zeleznogorsk,23,87.77,1,Games
Peru,Sullana,23,87.77,1,Foreign
India,Chapra,18,86.82,1,Animation
Israel,Ashqelon,19,86.81,1,Action
Poland,Lublin,19,86.81,1,New
Germany,Siegen,19,86.81,1,Drama
India,Shimoga,19,86.81,1,Children
China,Xiangtan,20,86.8,1,Action
China,Pingxiang,20,86.8,1,Drama
India,Sambhal,21,86.79,1,Action
Saudi Arabia,Abha,23,86.77,1,Animation
Nigeria,Zaria,23,86.77,1,Sci-Fi
India,Katihar,24,86.76,1,Animation
United States,Garland,25,86.75,1,Animation
Cambodia,Phnom Penh,25,86.75,1,Foreign
India,Balurghat,25,86.75,1,Documentary
Mexico,Nezahualcyotl,27,86.73,1,Classics
Dominican Republic,La Romana,20,85.8,1,Foreign
Russian Federation,Serpuhov,20,85.8,1,Travel
Bolivia,El Alto,22,85.78,1,Documentary
Argentina,Almirante Brown,22,85.78,1,Documentary
United States,Manchester,22,85.78,1,Documentary
New Zealand,Hamilton,23,85.77,1,Classics
Argentina,Crdoba,23,85.77,1,Animation
Brazil,Araatuba,23,85.77,1,Classics
Indonesia,Surakarta,25,85.75,1,Drama
Indonesia,Pangkal Pinang,16,84.84,1,Horror
Ukraine,Konotop,19,84.81,1,Family
Russian Federation,Balaiha,19,84.81,1,Games
Venezuela,Valencia,20,84.8,1,Sports
South Korea,Cheju,20,84.8,1,Family
Japan,Hiroshima,21,84.79,1,Drama
United States,Laredo,25,84.75,1,Drama
United States,Clarksville,18,83.82,1,Sci-Fi
Turkey,Gaziantep,19,83.81,1,Classics
Turkey,Kilis,20,83.8,1,Documentary
India,Dhule (Dhulia),21,83.79,1,Drama
Switzerland,Lausanne,22,83.78,1,Comedy
Vietnam,Hanoi,23,83.77,1,New
China,Rizhao,19,82.81,1,Drama
China,Xintai,22,82.78,1,Classics
Oman,Salala,24,82.76,1,New
Turkey,Denizli,17,81.83,1,Comedy
Indonesia,Purwakarta,17,81.83,1,Animation
Venezuela,Ocumare del Tuy,19,81.81,1,Action
United States,Kansas City,19,81.81,1,New
Argentina,Baha Blanca,19,81.81,1,Action
Saudi Arabia,Tabuk,20,81.8,1,Action
China,Hami,20,81.8,1,Classics
Myanmar,Myingyan,22,81.78,1,Horror
India,Amroha,22,81.78,1,Family
Belarus,Mogiljov,24,81.76,1,Action
Bulgaria,Stara Zagora,24,81.76,1,Foreign
China,Laiwu,25,81.75,1,Action
Russian Federation,Kursk,15,80.85,1,Documentary
Iran,Sirjan,17,80.83,1,Horror
Paraguay,Ciudad del Este,18,80.82,1,Horror
India,Miraj,19,80.81,1,Sci-Fi
Netherlands,s-Hertogenbosch,20,80.8,1,Animation
Venezuela,Valle de la Pascua,22,80.78,1,Horror
India,Tambaram,22,80.78,1,Documentary
Slovakia,Bratislava,23,80.77,1,Drama
China,Yingkou,23,80.77,1,Family
South Africa,Klerksdorp,19,79.81,1,Classics
Peru,Callao,19,79.81,1,Sci-Fi
Puerto Rico,Ponce,20,79.8,1,Foreign
Iran,Shahr-e Kord,20,79.8,1,Action
"Congo, The Democratic Republic of the",Lubumbashi,22,79.78,1,Games
Japan,Izumisano,25,79.75,1,Sci-Fi
Japan,Tsuyama,16,78.84,1,Comedy
China,Tieli,18,78.82,1,Comedy
Nigeria,Kaduna,19,78.81,1,Classics
South Africa,Paarl,20,78.8,1,Sports
Oman,Masqat,20,78.8,1,Foreign
Finland,Oulu,21,78.79,1,Action
United States,Saint Louis,21,78.79,1,Games
Germany,Saarbrcken,22,78.78,1,Documentary
China,Junan,23,78.77,1,Animation
Pakistan,Mandi Bahauddin,16,77.84,1,Action
France,Brest,19,77.81,1,Drama
Egypt,Qalyub,19,77.81,1,Horror
Spain,Gijn,20,77.8,1,Action
China,Huaian,21,77.79,1,Foreign
France,Toulon,22,77.78,1,Action
Argentina,San Miguel de Tucumn,23,77.77,1,Documentary
Brazil,Maring,18,76.82,1,Sci-Fi
United States,Grand Prairie,20,76.8,1,Games
China,Zalantun,20,76.8,1,Classics
India,Jodhpur,22,76.78,1,Foreign
Saudi Arabia,al-Hawiya,17,75.83,1,Sports
Poland,Kalisz,19,75.81,1,Children
India,Ranchi,20,75.8,1,Comedy
Brazil,Alvorada,21,75.79,1,Sci-Fi
Argentina,Ezeiza,22,75.78,1,Animation
Brazil,Luzinia,22,75.78,1,Sci-Fi
Japan,Hino,16,74.84,1,Animation
South Africa,Chatsworth,17,74.83,1,Games
India,Hoshiarpur,17,74.83,1,Action
Turkey,Adana,19,74.81,1,Documentary
United States,El Monte,20,74.8,1,Action
Kazakstan,Pavlodar,21,74.79,1,Drama
United Kingdom,Dundee,23,74.77,1,Documentary
Brazil,Bag,15,73.85,1,Children
United States,Roanoke,17,73.83,1,Classics
Pakistan,Okara,18,73.82,1,Travel
Japan,Kamakura,19,73.81,1,Sci-Fi
India,Nagaon,19,73.81,1,Comedy
Russian Federation,Syktyvkar,19,73.81,1,Documentary
Morocco,Beni-Mellal,20,73.8,1,Foreign
Tunisia,Sousse,22,73.78,1,Sci-Fi
Greece,Patras,22,73.78,1,Sports
Indonesia,Cianjur,24,73.76,1,Animation
India,Pathankot,17,72.83,1,Action
United Kingdom,Southport,18,72.82,1,Games
Brazil,Braslia,18,72.82,1,New
United Kingdom,Bradford,21,72.79,1,Comedy
Russian Federation,Kaliningrad,15,71.85,1,Sci-Fi
Russian Federation,Jaroslavl,16,71.84,1,Children
Philippines,Bislig,19,71.81,1,Family
Russian Federation,Dzerzinsk,20,71.8,1,Comedy
Turkey,Inegl,21,71.79,1,Comedy
Mexico,Matamoros,23,71.77,1,Sports
China,Shenzhen,18,70.82,1,Comedy
Philippines,Hagonoy,18,70.82,1,Animation
India,Gulbarga,19,70.81,1,Action
Yemen,Sanaa,19,70.81,1,Action
India,Gandhinagar,17,69.83,1,Action
Mexico,Jurez,21,69.79,1,Family
China,Zaoyang,21,69.79,1,Drama
Brazil,Ibirit,13,68.87,1,Comedy
Mexico,Zapopan,16,68.84,1,Foreign
Italy,Udine,18,68.82,1,Family
Japan,Matsue,19,68.81,1,Action
China,Korla,23,68.77,1,Animation
Russian Federation,Niznekamsk,14,67.86,1,Foreign
Israel,Bat Yam,14,67.86,1,Comedy
Chile,Rancagua,14,67.86,1,Action
Afghanistan,Kabul,18,67.82,1,Comedy
Russian Federation,Novoterkassk,18,66.82,1,Documentary
Indonesia,Tegal,19,66.81,1,Foreign
Venezuela,Barcelona,21,66.79,1,Documentary
China,Yantai,13,65.87,1,Documentary
Indonesia,Ciparay,17,65.83,1,Games
Mexico,Pachuca de Soto,17,65.83,1,Animation
India,Berhampore (Baharampur),19,65.81,1,Children
Turkey,Tarsus,15,64.85,1,Children
Tonga,Nukualofa,16,64.84,1,Sports
Saint Vincent and the Grenadines,Kingstown,18,64.82,1,Horror
China,Ezhou,16,63.84,1,Animation
Philippines,Tarlac,16,63.84,1,Children
Russian Federation,Teboksary,21,63.79,1,Music
Lithuania,Vilnius,22,63.78,1,Children
India,Kanchrapara,15,62.85,1,Travel
Spain,Santiago de Compostela,16,62.84,1,Games
Japan,Koriyama,18,61.82,1,Documentary
India,Hubli-Dharwad,14,59.86,1,Action
France,Le Mans,17,59.83,1,Sports
Austria,Linz,17,58.83,1,Action
Mozambique,Tete,18,58.82,1,New
Switzerland,Basel,13,57.87,1,Classics
Turkey,Ktahya,14,57.86,1,Documentary
Sudan,al-Qadarif,19,57.81,1,Music
India,Kumbakonam,16,56.84,1,Animation
Nigeria,Oyo,15,54.85,1,Sci-Fi
Mexico,Valle de Santiago,19,52.81,1,Sports
Taiwan,Tsaotun,17,50.83,1,Drama
China,Enshi,12,49.88,1,Animation
American Samoa,Tafuna,15,47.85,1,Sports
United States,Tallahassee,13,37.87,1,Sci-Fi
China,Fuzhou,10,32.9,1,Animation
Poland,Bydgoszcz,7,27.93,1,Action
