film_id,film_title,category,inventory_count,total_rentals,total_revenue,last_rental_date,avg_rental_duration
489,Juggler Hardly,Animation,8,29,86.71,2006-02-14 15:16:03,5.071428571428571
767,Scalawag Duck,Music,8,29,157.71,2005-08-23 17:13:01,3.8620689655172415
789,Shock Cabin,Foreign,8,29,96.71,2006-02-14 15:16:03,5.0
748,Rugrats Shakespeare,Action,8,28,67.72,2005-08-23 20:47:28,4.2142857142857135
753,Rush Goodfellas,Family,8,28,81.72,2005-08-22 10:29:44,4.071428571428571
103,Bucket Brotherhood,Travel,8,28,150.72,2005-08-23 21:49:22,4.571428571428571
382,Grit Clockwork,Games,8,28,97.72,2005-08-23 13:46:27,4.892857142857143
239,Dogma Family,Animation,8,28,168.72,2005-08-23 05:24:29,4.392857142857143
1000,Zorro Ark,Comedy,8,28,199.72,2005-08-23 17:56:01,4.428571428571429
730,Ridgemont Submarine,New,8,28,110.72,2006-02-14 15:16:03,5.481481481481482
31,Apache Divine,Family,8,28,160.72,2005-08-23 15:10:42,3.7857142857142856
738,Rocketeer Mother,Foreign,8,28,97.72,2005-08-23 20:10:13,4.9642857142857135
341,Frost Head,Classics,8,28,74.72,2006-02-14 15:16:03,5.296296296296296
697,Primary Glass,Action,8,27,36.73,2005-08-21 08:58:38,3.7777777777777777
873,Sweethearts Suspects,Children,8,27,93.73,2006-02-14 15:16:03,4.884615384615385
378,Greatest North,Music,8,27,103.73,2005-08-23 16:32:10,4.481481481481482
403,Harry Idaho,Drama,8,27,177.73,2006-02-14 15:16:03,4.961538461538462
127,Cat Coneheads,Comedy,8,27,159.73,2006-02-14 15:16:03,4.461538461538462
609,Muscle Bright,Travel,8,27,86.73,2005-08-23 00:07:53,3.8148148148148153
621,Network Peak,Family,8,27,116.73,2005-08-23 09:07:11,5.0
869,Suspects Quills,Action,7,27,118.73,2006-02-14 15:16:03,4.461538461538462
835,Spy Mile,Games,8,27,94.73,2005-08-22 16:37:36,4.555555555555556
893,Titans Jerk,Sci-Fi,8,27,186.73,2006-02-14 15:16:03,5.038461538461538
973,Wife Turn,Documentary,8,27,198.73,2005-08-23 14:47:26,4.370370370370369
361,Gleaming Jawbreaker,Sports,8,27,125.72,2006-02-14 15:16:03,5.846153846153847
525,Loathing Legally,Classics,8,26,62.74,2006-02-14 15:16:03,4.6
911,Trip Newton,Action,8,26,135.74,2005-08-23 11:37:32,3.6538461538461537
891,Timberland Sky,Classics,7,26,102.74,2005-08-23 00:53:57,5.192307692307692
850,Story Side,Action,7,26,35.74,2005-08-23 17:48:30,3.6538461538461537
849,Storm Happiness,Animation,8,26,42.74,2005-08-22 20:44:35,4.423076923076923
764,Saturday Lambs,Sports,8,26,190.74,2005-08-23 19:42:04,4.692307692307692
735,Robbers Joon,Children,7,26,85.74,2005-08-22 04:09:18,3.9615384615384617
702,Pulp Beverly,Horror,8,26,121.74,2006-02-14 15:16:03,4.84
595,Moon Bunch,Foreign,8,26,35.74,2005-08-22 10:49:06,4.346153846153847
559,Married Go,Sci-Fi,8,26,84.74,2005-08-22 19:56:41,4.153846153846153
531,Lose Inch,Foreign,8,26,77.74,2005-08-22 09:25:24,3.9615384615384617
109,Butterfly Chocolat,New,8,26,108.74,2005-08-22 20:47:48,5.423076923076923
468,Invasion Cyclone,Children,8,26,100.74,2005-08-23 17:00:12,4.115384615384616
460,Innocent Usual,Foreign,8,26,191.74,2005-08-22 15:22:15,4.5
418,Hobbit Alien,Drama,8,26,68.74,2005-08-22 13:06:26,5.153846153846153
374,Graffiti Love,Sci-Fi,7,26,67.74,2005-08-23 15:03:58,3.5384615384615383
356,Giant Troopers,Children,8,26,100.74,2005-08-22 16:57:02,3.8846153846153846
331,Forward Temple,Games,8,26,102.74,2005-08-23 12:29:24,5.0
330,Forrester Comancheros,Animation,7,26,141.74,2006-02-14 15:16:03,5.0
301,Family Sweet,Horror,8,26,60.73,2006-02-14 15:16:03,4.0
295,Expendable Stallion,Documentary,8,26,94.74,2005-08-23 12:47:37,4.769230769230769
285,English Bulworth,Sci-Fi,7,26,99.74,2005-08-23 18:43:11,5.076923076923077
73,Bingo Talented,Sci-Fi,8,25,119.75,2005-08-22 22:30:50,5.52
951,Voyage Legally,Classics,7,25,42.75,2005-08-23 22:26:47,5.0
945,Virginian Pluto,Documentary,8,25,47.75,2006-02-14 15:16:03,4.083333333333333
644,Oscar Gold,Animation,7,25,83.75,2005-08-23 15:09:17,4.68
687,Pocus Pulp,Documentary,7,25,40.75,2005-08-23 15:21:19,4.36
638,Operation Operation,Comedy,8,25,80.75,2006-02-14 15:16:03,3.6666666666666665
86,Boogie Amelie,Music,8,25,140.74,2006-02-14 15:16:03,4.083333333333333
625,None Spiking,Sci-Fi,7,25,79.75,2006-02-14 15:16:03,4.708333333333333
220,Deer Virginian,Music,8,25,78.76,2006-02-14 15:16:03,4.583333333333333
879,Telegraph Voyage,Music,7,25,215.75,2005-08-23 08:27:57,6.04
970,Westward Seabiscuit,Classics,7,25,36.75,2005-08-23 08:34:10,5.48
369,Goodfellas Salute,Sci-Fi,8,25,164.75,2005-08-23 18:08:19,4.52
979,Witches Panic,Drama,7,25,146.75,2005-08-23 09:16:39,5.16
434,Horror Reign,Travel,8,25,77.75,2005-08-23 13:10:16,4.16
284,Enemy Odds,Music,7,25,159.75,2005-08-21 10:10:01,4.64
563,Massacre Usual,Games,7,25,149.75,2005-08-23 17:02:00,5.24
450,Idols Snatchers,Children,7,24,88.76,2005-08-23 20:27:34,4.041666666666666
395,Handicap Boondock,Action,6,24,50.76,2005-08-22 18:04:22,3.9166666666666665
880,Telemark Heartbreakers,Animation,8,24,88.76,2005-08-23 06:19:12,4.375
760,Samurai Lion,New,7,24,101.76,2005-08-23 08:59:12,4.666666666666666
358,Gilmore Boiled,Classics,8,24,52.76,2005-08-22 17:18:32,4.583333333333333
206,Dancing Fever,Documentary,8,24,49.76,2005-08-22 11:11:51,5.708333333333333
174,Confidential Interview,Music,8,24,136.76,2005-08-23 15:22:15,4.875
901,Tracy Cider,Animation,7,24,78.76,2005-08-23 14:02:13,4.625
367,Goldmine Tycoon,Sci-Fi,7,24,43.76,2005-08-22 12:47:45,4.958333333333333
91,Bound Cheaper,Classics,8,24,50.76,2006-02-14 15:16:03,4.739130434782608
895,Tomorrow Hustler,Classics,7,24,101.76,2005-08-23 22:20:26,3.458333333333333
572,Metropolis Coma,Sci-Fi,8,24,116.76,2005-08-22 13:19:25,4.458333333333333
890,Tights Dawn,Sports,7,24,54.76,2005-08-23 07:07:22,4.75
228,Detective Vision,Classics,7,24,62.76,2006-02-14 15:16:03,4.782608695652174
875,Talented Homicide,Sports,7,24,34.76,2005-08-23 03:46:47,4.166666666666666
135,Chance Resurrection,Sports,7,24,124.76,2005-08-23 16:30:55,4.541666666666666
181,Contact Anonymous,Travel,7,24,78.76,2005-08-21 23:08:33,4.541666666666666
941,Videotape Arsenic,Games,7,24,148.76,2005-08-22 15:29:15,3.9166666666666665
159,Closer Bang,Comedy,7,24,152.76,2005-08-22 21:28:59,4.958333333333333
172,Coneheads Smoochy,Drama,7,24,131.76,2005-08-23 16:57:43,5.125
263,Durham Panky,Sports,7,24,132.76,2005-08-22 01:12:44,4.083333333333333
521,Lies Treatment,Drama,7,24,131.76,2005-08-20 23:07:10,4.833333333333333
200,Curtain Videotape,Games,8,24,34.77,2006-02-14 15:16:03,5.217391304347825
773,Seabiscuit Punk,Sports,8,24,86.76,2006-02-14 15:16:03,4.782608695652174
307,Fellowship Autumn,Travel,6,24,137.76,2005-08-22 13:39:20,5.083333333333333
114,Camelot Vacation,Sci-Fi,7,24,93.76,2006-02-14 15:16:03,5.130434782608696
698,Princess Giant,Documentary,7,24,121.77,2006-02-14 15:16:03,4.521739130434783
838,Stagecoach Armageddon,Action,6,23,138.77,2005-08-23 16:19:02,4.434782608695652
790,Shootist Superfly,Drama,7,23,36.77,2005-08-23 05:01:13,4.478260869565218
786,Shepherd Midsummer,Children,7,23,28.77,2005-08-23 19:51:29,4.217391304347825
897,Torque Bound,Drama,8,23,169.76,2006-02-14 15:16:03,4.5
154,Clash Freddy,Animation,7,23,77.77,2005-08-23 18:49:32,4.3478260869565215
902,Trading Pinocchio,Sports,7,23,133.77,2006-02-14 15:16:03,5.0
745,Roses Treasure,Sports,8,23,137.77,2005-08-23 18:15:06,3.9565217391304346
958,Wardrobe Phantom,Drama,6,23,80.77,2005-08-23 15:29:41,4.521739130434783
938,Velvet Terminator,Comedy,6,23,152.77,2005-08-23 18:46:44,3.9565217391304346
715,Range Moonwalker,Family,7,23,158.77,2005-08-23 11:35:12,4.0
78,Blackout Private,Animation,7,23,78.77,2005-08-23 01:39:10,3.6086956521739126
683,Pity Bound,Drama,8,23,138.77,2005-08-23 21:25:03,4.304347826086957
670,Pelican Comforts,Documentary,7,23,165.77,2005-08-23 21:07:59,5.217391304347825
12,Alaska Phantom,Music,7,23,37.77,2005-08-23 06:11:52,4.782608695652174
603,Movie Shakespeare,Family,6,23,125.78,2006-02-14 15:16:03,4.590909090909091
305,Fatal Haunted,New,7,23,92.77,2005-08-22 23:55:51,5.0434782608695645
266,Dynamite Tarzan,Classics,8,23,60.77,2005-08-23 19:06:04,4.434782608695652
554,Malkovich Pet,Classics,7,23,75.77,2005-08-23 14:23:23,3.8260869565217392
101,Brotherhood Blanket,Documentary,6,23,98.77,2005-08-22 22:57:25,5.608695652173913
545,Madness Attacks,Foreign,6,23,65.77,2005-08-22 17:27:23,4.826086956521739
527,Lola Agent,Horror,6,23,154.77,2005-08-22 11:36:16,5.0
476,Jason Trap,Family,7,23,97.77,2006-02-14 15:16:03,4.7272727272727275
471,Island Exorcist,Classics,7,23,76.77,2005-08-23 11:28:49,4.695652173913044
288,Escape Metropolis,Travel,6,23,74.77,2005-08-23 12:47:16,4.304347826086957
162,Clueless Bucket,Action,7,23,105.77,2005-08-23 10:25:45,4.478260869565218
119,Caper Motions,Comedy,7,23,37.77,2005-08-23 22:18:51,4.0
445,Hyde Doctor,Classics,6,23,95.76,2006-02-14 15:16:03,3.8181818181818175
122,Carrie Bunch,Horror,7,23,34.77,2005-08-23 21:17:17,4.173913043478261
443,Hurricane Affair,Comedy,7,23,82.77,2005-08-21 09:04:20,4.782608695652174
433,Horn Working,Animation,6,23,109.77,2005-08-23 10:04:36,4.173913043478261
10,Aladdin Calendar,Sports,7,23,131.77,2005-08-21 20:49:21,4.391304347826087
397,Hanky October,Sci-Fi,7,23,104.77,2005-08-23 18:23:30,5.304347826086957
234,Disturbing Scarface,Sci-Fi,7,23,77.77,2005-08-22 14:26:01,3.695652173913044
270,Earth Vision,New,7,23,34.77,2006-02-14 15:16:03,5.3181818181818175
870,Swarm Gold,Horror,8,23,64.77,2006-02-14 15:16:03,4.545454545454546
35,Arachnophobia Rollercoaster,Horror,7,23,109.77,2005-08-22 23:26:32,4.956521739130435
863,Sun Confessions,Sci-Fi,7,23,50.77,2005-08-22 10:07:52,4.826086956521739
857,Strictly Scarface,Comedy,7,23,113.77,2005-08-23 20:23:08,4.173913043478261
856,Streetcar Intentions,Horror,8,23,137.77,2005-08-23 02:08:18,3.739130434782609
167,Coma Head,Travel,7,23,122.77,2005-08-23 02:06:41,4.260869565217392
376,Grapes Fury,Foreign,7,22,56.77,2006-02-14 15:16:03,3.7619047619047614
586,Mockingbird Hollywood,Action,8,22,53.78,2006-02-14 15:16:03,4.333333333333333
199,Cupboard Sinners,Documentary,8,22,103.78,2005-08-22 09:37:54,4.7727272727272725
614,Name Detective,Games,6,22,131.78,2006-02-14 15:16:03,4.190476190476192
11,Alamo Videotape,Foreign,7,22,30.78,2005-08-22 04:04:31,4.2272727272727275
641,Orange Grapes,Foreign,7,22,61.78,2005-08-23 20:13:31,4.863636363636364
649,Oz Liaisons,Animation,6,22,87.78,2005-08-23 04:00:30,3.5
852,Strangelove Desire,Children,7,22,79.78,2005-08-21 19:12:12,5.545454545454546
349,Gangs Pride,Animation,7,22,95.78,2005-08-23 16:34:31,4.363636363636364
244,Dorado Notting,Music,7,22,140.78,2005-08-23 18:48:40,5.409090909090909
166,Color Philadelphia,Classics,6,22,87.78,2005-08-23 22:06:15,5.409090909090909
319,Fish Opus,Sci-Fi,7,22,94.78,2005-08-23 17:57:35,4.3181818181818175
791,Show Lord,Documentary,6,22,145.78,2005-08-23 16:58:12,3.5454545454545454
989,Working Microcosmos,Travel,6,22,144.78,2005-08-23 02:06:01,4.636363636363637
804,Sleeping Suspects,Horror,7,22,121.78,2006-02-14 15:16:03,4.523809523809524
320,Flamingos Connecticut,New,7,22,134.78,2005-08-22 19:28:04,3.9090909090909087
55,Barbarella Streetcar,Sci-Fi,6,22,84.78,2005-08-23 20:45:53,5.3181818181818175
865,Sunrise League,Animation,6,22,155.78,2005-08-22 11:01:15,4.2727272727272725
892,Titanic Boondock,Animation,7,22,149.78,2006-02-14 15:16:03,4.2
843,Steel Santa,Classics,7,22,136.78,2005-08-23 17:16:28,3.9090909090909087
412,Heavyweights Beast,Documentary,8,22,123.78,2005-08-23 03:54:39,4.181818181818182
253,Drifter Commandments,Action,6,22,131.78,2006-02-14 15:16:03,4.142857142857143
810,Slums Duck,Family,7,22,48.78,2005-08-22 13:59:19,4.5
444,Hustler Party,Comedy,8,22,190.78,2005-08-23 09:42:21,5.954545454545455
51,Balloon Homeward,Music,6,22,91.78,2005-08-23 00:56:27,4.8181818181818175
447,Ice Crossing,Games,7,22,90.78,2005-08-23 02:08:40,4.2727272727272725
551,Maiden Home,New,6,22,152.78,2005-08-23 06:00:28,4.3181818181818175
391,Half Outfield,Family,7,22,73.79,2006-02-14 15:16:03,3.9
555,Mallrats United,Comedy,7,22,70.78,2005-08-23 21:59:57,5.2272727272727275
45,Attraction Newton,New,6,22,133.78,2005-08-21 23:00:02,3.9090909090909087
1,Academy Dinosaur,Documentary,7,21,33.79,2005-08-23 01:01:01,4.5
4,Affair Prejudice,Horror,7,21,83.79,2006-02-14 15:16:03,4.25
22,Amistad Midsummer,New,7,21,70.79,2006-02-14 15:16:03,4.2
37,Arizona Bang,Classics,7,21,104.79,2005-08-23 05:08:58,3.9047619047619047
43,Atlantis Cause,Family,7,21,75.79,2005-08-19 06:38:59,4.095238095238095
49,Badman Dawn,Sci-Fi,6,21,76.79,2005-08-23 15:23:50,4.142857142857143
61,Beauty Grease,Drama,6,21,125.79,2005-08-23 21:34:33,4.095238095238095
69,Beverly Outlaw,Sci-Fi,8,21,115.79,2005-08-23 15:19:15,4.761904761904762
130,Celebrity Horn,Action,6,21,28.79,2005-08-23 14:59:51,4.761904761904762
131,Center Dinosaur,Classics,6,21,121.79,2006-02-14 15:16:03,3.8
143,Chill Luck,Drama,7,21,29.79,2005-08-23 21:27:11,4.285714285714286
191,Crooked Frogmen,Children,6,21,38.79,2006-02-14 15:16:03,4.45
245,Double Wrath,Animation,7,21,56.79,2005-08-23 00:56:01,4.6190476190476195
247,Downhill Enough,Comedy,7,21,72.79,2005-08-23 18:08:59,4.857142857142857
273,Effect Gladiator,Family,7,21,40.79,2006-02-14 15:16:03,4.75
303,Fantasy Troopers,Action,6,21,35.79,2005-08-22 12:16:46,4.7142857142857135
304,Fargo Gandhi,Children,6,21,94.79,2005-08-22 06:29:34,3.476190476190476
327,Fool Mockingbird,Action,6,21,162.79,2005-08-22 07:37:24,5.0
334,Freddy Storm,Horror,6,21,115.79,2005-08-23 00:30:26,4.809523809523809
366,Goldfinger Sensibility,Drama,7,21,67.79,2005-08-22 00:46:54,4.333333333333333
387,Gun Bonnie,Games,6,21,30.79,2005-08-22 19:02:48,5.095238095238095
388,Gunfight Moon,Comedy,6,21,46.79,2006-02-14 15:16:03,4.7894736842105265
408,Head Stranger,Games,7,21,142.79,2005-08-23 04:51:52,4.428571428571429
415,High Encino,Horror,6,21,117.79,2005-08-22 16:55:26,4.809523809523809
417,Hills Neighbors,Action,6,21,58.79,2005-08-23 04:17:56,5.809523809523809
491,Jumping Wrath,Children,6,21,67.79,2005-08-23 17:09:31,5.3809523809523805
500,Kiss Glory,Foreign,8,21,126.79,2005-08-22 06:39:24,4.428571428571429
502,Knock Warlock,Comedy,7,21,99.79,2005-08-22 10:14:33,4.952380952380952
518,Liaisons Sweet,Travel,6,21,126.79,2005-08-22 13:04:32,4.285714285714286
556,Maltese Hope,Games,7,21,118.79,2005-08-23 16:43:54,3.9047619047619047
571,Metal Armageddon,Documentary,6,21,88.79,2005-08-22 23:58:09,5.7142857142857135
608,Murder Antitrust,Children,6,21,78.79,2005-08-23 20:47:12,4.904761904761905
624,Nightmare Chill,Games,7,21,148.79,2005-08-23 20:40:31,4.238095238095238
665,Patton Interview,Horror,7,21,94.79,2005-08-23 08:52:50,4.285714285714286
676,Philadelphia Wife,Sports,6,21,107.8,2006-02-14 15:16:03,5.1
677,Pianist Outfield,New,7,21,38.78,2006-02-14 15:16:03,4.0
706,Queen Luke,Drama,6,21,128.79,2006-02-14 15:16:03,4.55
741,Roman Punk,Music,6,21,25.79,2005-08-23 15:59:12,4.6190476190476195
755,Sabrina Midnight,Children,7,21,126.79,2005-08-21 20:53:40,4.0
771,Scorpion Apollo,Drama,7,21,158.79,2005-08-23 22:19:33,4.7142857142857135
816,Snowman Rollercoaster,Animation,7,21,65.79,2005-08-23 20:08:26,4.333333333333333
823,South Wait,Action,7,21,102.79,2006-02-14 15:16:03,4.65
833,Splendor Patton,Children,7,21,40.79,2005-08-23 14:23:03,4.3809523809523805
966,Wedding Apollo,Documentary,6,21,71.79,2006-02-14 15:16:03,4.8
976,Wind Phantom,Games,6,21,33.79,2005-08-23 02:39:56,4.095238095238095
981,Wolves Desire,Travel,6,21,24.79,2005-08-21 21:04:42,3.523809523809524
985,Wonderland Christmas,Sci-Fi,7,21,142.79,2005-08-23 19:54:24,4.333333333333333
995,Yentl Idaho,Horror,6,21,122.79,2005-08-23 18:50:54,4.190476190476192
814,Snatch Slipper,Comedy,7,20,117.8,2005-08-23 15:34:46,5.45
235,Divide Monster,Sci-Fi,6,20,61.8,2005-08-20 14:23:16,3.9
54,Banger Pinocchio,Music,5,20,40.8,2005-08-23 21:01:09,4.3
271,Easy Gladiator,Action,5,20,132.8,2005-08-21 09:06:29,5.75
494,Karate Moon,Horror,6,20,51.8,2005-08-23 15:46:33,4.4
218,Deceiver Betrayed,Drama,7,20,24.8,2005-08-22 17:53:06,3.65
18,Alter Victory,Animation,6,20,30.8,2005-08-23 03:44:51,4.5
590,Money Harold,New,7,20,111.8,2005-08-22 10:55:45,4.65
19,Amadeus Holy,Action,6,20,32.8,2006-02-14 15:16:03,4.631578947368421
57,Basic Easy,Travel,7,20,87.8,2006-02-14 15:16:03,4.157894736842104
15,Alien Center,Foreign,6,20,84.8,2005-08-23 19:21:22,4.7
437,House Dynamite,Family,6,20,65.8,2005-08-23 20:16:27,4.35
409,Heartbreakers Bright,Children,7,20,132.8,2005-08-23 18:54:32,3.8
252,Dream Pickup,Action,6,20,73.8,2005-08-22 02:20:44,4.5
596,Moonshine Cabin,Games,6,20,131.8,2005-08-22 19:37:20,4.4
782,Shakespeare Saddle,Sports,6,20,76.8,2005-08-22 02:26:33,5.25
89,Borrowers Bedazzled,Animation,6,20,25.8,2005-08-23 17:42:42,5.15
645,Others Soup,Travel,6,20,70.8,2005-08-23 13:05:10,4.75
651,Packer Madigan,Animation,6,20,58.8,2005-08-23 02:02:53,4.3
504,Kwai Homeward,Drama,6,20,42.8,2005-08-22 19:44:00,4.5
25,Angels Life,New,6,20,103.8,2005-08-23 13:46:00,4.5
406,Haunting Pianist,Games,6,20,47.8,2005-08-23 16:15:45,5.0
759,Salute Apollo,New,6,20,95.8,2005-08-22 19:09:52,4.35
377,Grease Youth,Family,6,20,27.8,2005-08-23 15:15:19,3.75
292,Excitement Eve,Action,6,20,61.8,2005-08-22 15:52:57,4.1
961,Wash Heavenly,Foreign,5,20,104.8,2005-08-21 22:53:01,4.25
314,Fight Jawbreaker,Animation,6,20,53.8,2006-02-14 15:16:03,3.947368421052632
193,Crossroads Casualties,Animation,8,20,74.8,2005-08-23 12:47:05,4.05
39,Armageddon Lost,Sci-Fi,7,20,41.8,2006-02-14 15:16:03,4.631578947368421
79,Blade Polish,Drama,6,20,29.81,2006-02-14 15:16:03,3.526315789473684
309,Feud Frogmen,Family,6,20,31.8,2005-08-22 16:11:32,4.45
353,Gentlemen Stage,Foreign,6,20,70.8,2005-08-22 01:17:18,4.6
707,Quest Mussolini,Action,6,20,77.8,2005-08-23 08:19:55,3.75
402,Harper Dying,Animation,6,20,77.8,2005-08-23 21:59:26,5.1
117,Candles Grapes,Games,6,20,111.8,2005-08-22 06:49:29,4.3
720,Redemption Comforts,New,7,20,113.8,2005-08-23 01:14:01,4.6
846,Sting Personal,New,8,20,149.8,2005-08-23 22:21:03,4.75
972,Whisperer Giant,Sci-Fi,6,20,141.8,2005-08-23 13:41:05,5.2
841,Star Operation,Sports,7,20,83.8,2006-02-14 15:16:03,5.315789473684211
915,Truman Crazy,Action,6,20,104.8,2005-08-22 21:18:59,3.9
982,Women Dorado,Action,7,20,38.81,2006-02-14 15:16:03,3.6842105263157894
993,Wrong Behavior,Children,7,20,62.8,2005-08-23 18:54:07,3.85
914,Trouble Date,Travel,6,20,70.81,2006-02-14 15:16:03,4.947368421052632
118,Canyon Stock,Animation,6,19,27.81,2006-02-14 15:16:03,4.388888888888888
139,Chasing Fight,Family,6,19,105.82,2006-02-14 15:16:03,5.388888888888888
138,Chariots Conspiracy,Sci-Fi,5,19,65.81,2005-08-22 06:17:12,3.5789473684210527
922,Undefeated Dalmations,Horror,7,19,102.81,2005-08-23 13:29:08,4.0
920,Unbreakable Karate,New,5,19,76.81,2005-08-22 18:48:48,5.263157894736842
416,Highball Potter,Foreign,6,19,27.81,2005-08-23 02:48:24,4.157894736842104
414,Hellfighters Sierra,Foreign,6,19,92.81,2005-08-23 15:34:49,3.631578947368421
6,Agent Truman,Foreign,6,19,111.81,2005-08-21 16:03:01,5.052631578947368
129,Cause Date,Documentary,6,19,114.81,2005-08-23 16:23:08,5.105263157894737
132,Chainsaw Uptown,Sci-Fi,6,19,31.81,2005-08-23 15:37:31,4.421052631578947
222,Desert Poseidon,Horror,6,19,118.81,2005-08-23 18:40:41,4.157894736842104
249,Dracula Crystal,Classics,6,19,22.81,2005-08-23 20:29:56,4.315789473684211
898,Tourist Pelican,Sports,5,19,126.81,2005-08-21 12:48:48,4.526315789473684
21,American Circus,Action,6,19,146.81,2006-02-14 15:16:03,5.111111111111112
255,Driving Polish,Music,6,19,105.81,2005-08-22 20:22:40,4.7368421052631575
26,Annie Identity,Sci-Fi,5,19,50.81,2005-08-23 03:30:51,3.6842105263157894
861,Suit Walls,Games,6,19,134.81,2006-02-14 15:16:03,4.705882352941177
851,Straight Hours,Sports,6,19,55.81,2005-08-22 16:33:39,3.842105263157895
845,Stepmom Dream,Foreign,7,19,99.81,2005-08-22 22:12:02,4.894736842105263
827,Spice Sorority,Drama,6,19,106.81,2005-08-23 03:01:56,3.3684210526315788
267,Eagles Panky,New,6,19,134.81,2006-02-14 15:16:03,5.388888888888888
807,Sleuth Orient,Games,5,19,48.81,2005-08-22 08:21:21,4.473684210526316
274,Egg Igby,Documentary,7,19,98.81,2005-08-22 07:19:05,5.473684210526316
800,Sinners Atlantis,Horror,6,19,60.81,2005-08-22 14:59:30,4.631578947368421
59,Bear Graceland,Children,5,19,93.81,2005-08-23 11:56:22,4.947368421052632
785,Shawshank Bubble,Travel,6,19,109.81,2006-02-14 15:16:03,5.0
280,Empire Malkovich,Children,6,19,26.81,2005-08-20 19:03:25,5.526315789473684
281,Encino Elf,Games,6,19,27.81,2006-02-14 15:16:03,4.222222222222222
776,Secret Groundhog,Documentary,5,19,105.81,2005-08-22 20:27:38,4.157894736842104
775,Seattle Expecations,Drama,5,19,125.8,2006-02-14 15:16:03,4.611111111111112
772,Sea Virgin,Drama,6,19,84.81,2005-08-23 05:49:21,4.315789473684211
67,Berets Agent,Action,6,19,72.8,2006-02-14 15:16:03,4.055555555555556
733,River Outlaw,Sports,7,19,56.82,2006-02-14 15:16:03,5.0
727,Resurrection Silverado,Family,5,19,24.81,2005-08-22 06:46:59,4.368421052631579
231,Dinosaur Secretary,Family,8,19,67.81,2005-08-23 20:07:10,5.368421052631579
302,Fantasia Park,Games,6,19,73.81,2005-08-23 22:12:44,4.421052631578947
723,Reign Gentlemen,Sci-Fi,7,19,105.81,2005-08-23 13:43:26,5.0
710,Rage Games,Family,6,19,119.81,2005-08-23 21:02:43,3.842105263157895
694,Prejudice Oleander,Classics,6,19,110.81,2005-08-21 15:59:40,5.368421052631579
311,Fiction Christmas,Foreign,7,19,58.81,2005-08-23 13:18:16,5.2105263157894735
317,Fireball Philadelphia,Comedy,7,19,57.81,2005-08-22 19:41:37,5.263157894736842
322,Flatliners Killer,Sports,6,19,74.81,2005-08-22 16:30:43,4.473684210526316
326,Flying Hook,Animation,6,19,77.81,2006-02-14 15:16:03,5.222222222222222
650,Pacific Amistad,Documentary,6,19,43.81,2005-08-23 02:25:09,3.263157894736842
637,Open African,Sci-Fi,5,19,103.81,2005-08-23 17:39:35,4.421052631578947
602,Mourning Purple,Sci-Fi,5,19,39.81,2005-08-22 19:54:52,4.2105263157894735
176,Congeniality Quest,Sports,6,19,31.81,2005-08-22 23:54:14,4.473684210526316
579,Minds Truman,Action,7,19,144.81,2005-08-22 14:27:46,4.7894736842105265
562,Masked Bubble,Music,6,19,24.81,2005-08-23 11:30:32,3.421052631578948
149,Christmas Moonshine,Children,6,19,26.81,2005-08-22 11:56:02,4.947368421052632
99,Bringing Hysterical,Comedy,6,19,68.81,2005-08-23 07:53:38,5.526315789473684
354,Ghost Groundhog,Children,5,19,107.81,2006-02-14 15:16:03,4.944444444444445
100,Brooklyn Desert,Foreign,6,19,106.81,2005-08-22 03:20:26,5.052631578947368
147,Chocolat Harry,Family,6,19,49.81,2005-08-20 09:07:39,5.157894736842104
484,Jerk Paycheck,Classics,7,19,104.81,2005-08-23 12:26:19,4.842105263157896
949,Volcano Texas,Games,6,19,32.81,2006-02-14 15:16:03,4.555555555555556
467,Intrigue Worst,Foreign,7,19,36.81,2006-02-14 15:16:03,4.888888888888888
142,Chicken Hellfighters,Documentary,5,19,58.81,2005-08-23 22:06:34,4.052631578947368
930,Vacation Boondock,Sci-Fi,6,19,89.81,2005-08-23 11:40:30,4.2105263157894735
233,Disciple Mother,Travel,6,18,39.82,2006-02-14 15:16:03,3.294117647058824
647,Outfield Massacre,Music,6,18,54.82,2006-02-14 15:16:03,4.9411764705882355
646,Outbreak Divine,Games,5,18,31.82,2005-08-23 10:22:21,4.666666666666666
778,Secrets Paradise,Family,6,18,139.82,2005-08-22 21:01:48,5.0
83,Blues Instinct,Family,5,18,75.82,2005-08-23 11:25:00,4.277777777777778
906,Tramp Others,Comedy,5,18,40.82,2005-08-22 11:05:34,4.777777777777778
631,Novocaine Flight,Sports,5,18,49.82,2005-08-22 23:06:25,4.777777777777778
628,Northwest Polish,Sports,5,18,77.82,2005-08-23 20:12:17,5.444444444444445
164,Coast Rainbow,Documentary,5,18,37.82,2005-08-23 10:00:24,3.7777777777777777
428,Homicide Peach,Family,6,18,59.82,2005-08-23 09:02:04,3.611111111111111
282,Encounters Curtain,Drama,6,18,38.82,2005-08-23 13:25:08,4.277777777777778
479,Jedi Beneath,Family,5,18,20.82,2005-08-21 14:52:14,4.277777777777778
806,Sleepy Japanese,New,5,18,76.83,2006-02-14 15:16:03,4.647058823529412
457,Independence Hotel,Documentary,6,18,34.82,2005-08-22 17:48:10,4.555555555555556
227,Details Packer,Games,5,18,128.82,2006-02-14 15:16:03,5.352941176470588
953,Wait Cider,Animation,6,18,73.82,2005-08-23 14:07:56,5.444444444444445
575,Midsummer Groundhog,Documentary,6,18,129.82,2005-08-21 19:59:30,3.888888888888889
97,Bride Intrigue,Action,6,18,20.82,2005-08-23 20:29:10,4.277777777777778
112,Calendar Gunfight,Foreign,7,18,123.82,2005-08-23 00:49:24,4.666666666666666
456,Inch Jet,Animation,6,18,95.82,2005-08-23 09:53:30,4.111111111111112
350,Garden Island,Sci-Fi,8,18,134.82,2005-08-23 10:23:28,4.888888888888888
818,Something Duck,Drama,5,18,120.82,2005-08-20 17:24:45,4.555555555555556
725,Requiem Tycoon,Classics,6,18,105.82,2005-08-23 09:37:34,4.388888888888888
243,Doors President,Animation,6,18,118.82,2006-02-14 15:16:03,4.1875
300,Falcon Volume,Animation,6,18,106.81,2006-02-14 15:16:03,4.176470588235294
864,Sundance Invasion,Children,6,18,36.82,2006-02-14 15:16:03,4.294117647058824
728,Reunion Witches,Drama,5,18,50.82,2005-08-23 07:43:00,3.6666666666666665
690,Pond Seattle,Animation,6,18,61.82,2005-08-22 11:09:18,5.277777777777778
436,Hours Rage,New,6,18,44.82,2005-08-22 16:49:02,4.388888888888888
72,Bill Others,Documentary,6,18,63.82,2005-08-23 19:50:06,4.166666666666666
313,Fidelity Devil,Horror,6,18,117.82,2005-08-23 06:41:07,4.888888888888888
204,Dalmations Sweden,Drama,6,18,54.82,2005-08-21 23:09:32,5.0
681,Pirates Roxanne,Sports,6,18,45.81,2006-02-14 15:16:03,4.529411764705881
680,Pinocchio Simon,Comedy,6,18,119.82,2005-08-23 21:30:45,4.666666666666666
465,Interview Liaisons,New,5,18,110.82,2005-08-22 03:42:12,3.888888888888889
668,Peak Forever,Sports,5,18,94.82,2005-08-23 15:08:00,4.055555555555556
986,Wonka Sea,Animation,6,18,66.82,2005-08-23 16:07:15,4.166666666666666
663,Patient Sister,Classics,5,18,21.82,2005-08-23 19:10:32,3.5
461,Insects Stone,Animation,6,18,36.81,2006-02-14 15:16:03,2.705882352941176
657,Paradise Sabrina,Comedy,6,18,79.82,2005-08-22 02:13:51,4.722222222222222
743,Room Roman,Animation,6,18,27.82,2005-08-22 21:42:17,4.888888888888888
514,Lebowski Soldiers,Drama,6,18,62.82,2005-08-23 12:15:51,3.611111111111111
777,Secretary Rouge,Sports,6,18,112.82,2005-08-22 23:19:44,5.0
23,Anaconda Confessions,Animation,5,18,51.82,2005-08-20 21:21:08,4.055555555555556
610,Music Boondock,Family,5,17,20.83,2005-08-23 16:17:09,4.352941176470588
242,Doom Dancing,Comedy,5,17,58.83,2005-08-22 19:08:49,5.705882352941177
269,Earring Instinct,Family,6,17,60.83,2005-08-23 13:56:40,4.882352941176471
967,Weekend Personal,Sci-Fi,5,17,71.83,2005-08-22 23:35:41,4.529411764705881
294,Expecations Natural,Travel,5,17,101.83,2005-08-22 09:33:08,4.647058823529412
160,Club Graffiti,Animation,5,17,38.82,2006-02-14 15:16:03,4.0
158,Clones Pinocchio,Music,5,17,59.83,2005-08-22 05:53:52,4.529411764705881
324,Flintstones Happiness,Comedy,5,17,134.83,2005-08-22 23:08:46,5.176470588235294
329,Forrest Sons,Action,6,17,83.83,2005-08-23 15:47:02,5.0588235294117645
150,Cider Desire,Documentary,6,17,56.83,2005-08-23 11:16:16,5.0
344,Fury Murder,Children,5,17,58.83,2005-08-22 06:05:38,4.705882352941177
345,Gables Metropolis,Family,5,17,47.83,2006-02-14 15:16:03,4.0625
363,Go Purple,Music,6,17,43.83,2005-08-23 14:38:37,3.8235294117647056
370,Gorgeous Bingo,Children,5,17,94.83,2006-02-14 15:16:03,6.0625
140,Cheaper Clyde,Sci-Fi,5,17,30.83,2005-08-22 20:17:49,4.882352941176471
380,Greek Everyone,Foreign,5,17,55.83,2005-08-19 23:38:02,4.411764705882352
383,Groove Fiction,Sports,5,17,40.83,2005-08-21 12:47:53,5.823529411764706
432,Hope Tootsie,Classics,5,17,72.83,2005-08-22 11:43:04,3.8235294117647056
439,Hunchback Impossible,Drama,6,17,115.83,2006-02-14 15:16:03,4.75
121,Carol Texas,Animation,6,17,79.83,2005-08-23 11:55:50,4.823529411764706
451,Igby Maker,Travel,5,17,89.83,2006-02-14 15:16:03,4.9375
116,Candidate Perdition,Classics,6,17,88.82,2006-02-14 15:16:03,5.4375
462,Insider Arizona,Music,5,17,61.83,2006-02-14 15:16:03,3.4
463,Instinct Airport,Sports,5,17,69.83,2005-08-23 15:41:12,3.588235294117647
464,Intentions Empire,Animation,7,17,78.83,2006-02-14 15:16:03,4.0
115,Campus Remember,Action,7,17,81.83,2005-08-22 19:46:36,5.764705882352941
486,Jet Neighbors,Foreign,6,17,92.83,2005-08-23 19:19:06,5.470588235294118
496,Kick Savannah,Travel,5,17,48.83,2006-02-14 15:16:03,3.875
501,Kissing Dolls,Action,5,17,120.83,2005-08-23 16:33:33,3.882352941176471
512,League Hellfighters,Classics,6,17,105.83,2005-08-21 23:17:26,4.705882352941177
524,Lion Uncut,Comedy,6,17,33.83,2005-08-23 03:32:31,5.176470588235294
560,Mars Roman,Games,5,17,30.83,2005-08-22 18:53:28,5.176470588235294
578,Million Ace,Classics,5,17,103.83,2005-08-23 02:05:51,3.8235294117647056
580,Mine Titans,New,6,17,138.83,2005-08-23 20:20:23,5.529411764705881
616,National Story,Documentary,6,17,76.83,2005-08-23 11:16:29,4.411764705882352
619,Neighbors Charade,Sports,6,17,62.83,2005-08-21 23:40:28,4.823529411764706
643,Orient Closer,Drama,6,17,80.83,2005-08-23 21:44:27,3.8235294117647056
689,Pollock Deliverance,Foreign,6,17,66.82,2006-02-14 15:16:03,4.25
691,Poseidon Forever,Sports,5,17,100.83,2005-08-23 20:22:17,4.764705882352941
77,Birds Perdition,New,6,17,102.83,2005-08-23 10:36:00,3.882352941176471
709,Racer Egg,Drama,6,17,54.83,2005-08-23 17:36:00,4.176470588235294
724,Remember Diary,Family,6,17,70.83,2005-08-23 08:54:26,4.470588235294118
734,Road Roxanne,Documentary,6,17,115.83,2005-08-23 14:29:16,4.764705882352941
737,Rock Instinct,Horror,6,17,48.83,2005-08-23 07:54:54,4.588235294117648
747,Roxanne Rebel,Games,5,17,29.83,2005-08-23 09:01:10,3.882352941176471
56,Barefoot Manchurian,Action,5,17,59.83,2005-08-23 19:45:25,4.294117647058824
805,Sleepless Monsoon,Animation,5,17,103.83,2006-02-14 15:16:03,4.5
812,Smoking Barbarella,Documentary,6,17,17.84,2006-02-14 15:16:03,3.625
877,Taxi Kick,Music,5,17,34.83,2005-08-22 08:27:27,3.882352941176471
17,Alone Trip,Music,6,17,61.83,2006-02-14 15:16:03,4.8125
912,Trojan Tomorrow,Sci-Fi,6,17,75.82,2006-02-14 15:16:03,3.5
936,Vanishing Rocky,Music,6,17,80.83,2006-02-14 15:16:03,4.125
948,Voice Peach,New,6,17,31.83,2005-08-23 04:33:23,4.529411764705881
183,Conversation Downhill,Family,6,17,114.83,2006-02-14 15:16:03,5.125
212,Darn Forrester,Action,5,17,87.83,2005-08-23 21:54:02,5.11764705882353
215,Dawn Pond,Games,6,17,120.83,2005-08-23 14:23:44,5.0588235294117645
924,Unforgiven Zoolander,Sci-Fi,5,16,22.84,2005-08-21 23:33:57,4.75
481,Jekyll Frogmen,New,6,16,78.84,2005-08-23 20:53:20,4.375
175,Confused Candles,Family,5,16,99.84,2005-08-20 16:17:27,5.625
483,Jericho Mulan,Games,5,16,95.84,2005-08-23 18:20:56,5.3125
937,Varsity Trip,New,5,16,48.84,2006-02-14 15:16:03,3.466666666666667
506,Lady Stage,Horror,6,16,113.84,2006-02-14 15:16:03,5.0
944,Virgin Daisy,Drama,5,16,86.84,2005-08-22 19:45:57,4.375
964,Waterfront Deliverance,Action,5,16,116.84,2005-08-21 20:12:30,5.1875
488,Joon Northwest,Sports,5,16,37.84,2005-08-23 16:45:28,3.5625
427,Homeward Cider,Documentary,4,16,23.84,2005-08-21 13:07:24,2.875
298,Eyes Driving,Sci-Fi,5,16,68.84,2005-08-21 22:21:49,4.4375
672,Perfect Groove,Comedy,6,16,53.84,2005-08-23 21:37:59,5.5625
155,Cleopatra Devil,New,5,16,27.85,2006-02-14 15:16:03,5.4
666,Paycheck Wait,Drama,5,16,101.84,2005-08-23 16:50:53,4.125
184,Core Suit,Classics,5,16,92.84,2005-08-23 04:20:16,4.875
48,Backlash Undefeated,Children,4,16,140.84,2005-08-23 15:15:02,6.25
803,Slacker Liaisons,Drama,6,16,86.84,2005-08-23 13:18:46,4.4375
336,French Holiday,Documentary,5,16,94.84,2005-08-22 09:54:54,4.375
763,Satisfaction Confidential,Sports,5,16,122.84,2005-08-22 21:05:50,4.8125
44,Attacks Hate,Sci-Fi,5,16,101.84,2005-08-23 04:48:12,5.25
623,Newton Labyrinth,Foreign,5,16,46.84,2005-08-22 11:43:42,5.0
90,Boulevard Mob,New,6,16,56.84,2006-02-14 15:16:03,5.266666666666667
601,Moulin Wake,Travel,5,16,51.84,2005-08-22 10:24:32,5.4375
768,Scarface Bang,Children,6,16,106.84,2006-02-14 15:16:03,3.9333333333333327
286,Enough Raging,Travel,5,16,51.84,2006-02-14 15:16:03,5.4
871,Sweden Shining,Comedy,5,16,101.83,2006-02-14 15:16:03,6.266666666666667
95,Breakfast Goldfinger,New,5,16,104.84,2005-08-23 18:59:33,4.875
583,Mission Zoolander,Animation,5,16,110.84,2005-08-22 04:51:42,4.0625
887,Thief Pelican,Animation,6,16,97.84,2005-08-22 14:23:11,4.5
424,Holocaust Highball,Children,5,16,23.84,2005-08-22 21:36:51,4.375
254,Driver Annie,Sports,5,16,62.84,2006-02-14 15:16:03,3.2666666666666666
346,Galaxy Sweethearts,Classics,6,16,105.84,2005-08-22 23:17:41,4.125
275,Egypt Tenenbaums,Horror,5,16,66.84,2005-08-22 18:39:11,5.5625
574,Midnight Westward,Action,5,16,38.84,2006-02-14 15:16:03,3.466666666666667
189,Creatures Shakespeare,Games,6,16,56.84,2006-02-14 15:16:03,5.5
429,Honey Ties,Sports,6,16,59.84,2005-08-23 02:45:21,5.3125
170,Command Darling,Foreign,6,16,107.84,2005-08-22 02:57:04,5.8125
351,Gaslight Crusade,Horror,6,16,62.84,2005-08-23 18:45:06,3.5
716,Reap Unfaithful,Horror,5,16,62.84,2005-08-23 05:32:03,4.8125
473,Jacket Frisco,Drama,5,16,71.84,2005-08-21 07:09:27,4.6875
165,Coldblooded Darling,Sci-Fi,5,16,89.84,2005-08-23 05:39:06,5.25
392,Hall Cassidy,Children,6,16,98.84,2005-08-23 19:51:30,4.5625
123,Casablanca Super,Travel,5,16,82.84,2005-08-23 01:16:55,3.6875
534,Louisiana Harry,Family,5,16,28.84,2005-08-23 08:29:53,3.875
105,Bull Shawshank,Action,5,16,21.84,2006-02-14 15:16:03,4.2
746,Rouge Squad,Games,5,16,51.84,2005-08-23 11:33:25,4.4375
664,Patriot Roman,Action,5,15,52.85,2005-08-22 16:40:21,5.066666666666666
421,Holiday Games,Foreign,4,15,82.85,2005-08-23 01:29:59,4.666666666666666
991,Worst Banger,Action,5,15,66.85,2005-08-23 01:13:52,4.466666666666667
141,Chicago North,Games,5,15,84.85,2005-08-21 22:12:45,5.0
420,Holes Brannigan,Sports,5,15,75.86,2006-02-14 15:16:03,4.928571428571429
410,Heaven Freedom,Comedy,5,15,49.85,2005-08-23 14:42:07,4.533333333333333
975,Willow Tracy,Family,5,15,52.85,2005-08-23 10:11:40,4.533333333333333
474,Jade Bunch,Sports,4,15,53.85,2005-08-23 15:30:48,3.9333333333333327
396,Hanging Deep,Drama,4,15,92.85,2005-08-20 23:42:31,4.266666666666667
8,Airport Pollock,Horror,4,15,86.85,2005-08-23 20:24:36,5.066666666666666
236,Divine Resurrection,Games,4,15,64.85,2006-02-14 15:16:03,4.285714285714286
980,Wizard Coldblooded,Music,5,15,90.85,2005-08-23 10:32:52,3.333333333333333
438,Human Graffiti,Games,5,15,80.85,2005-08-22 17:46:41,4.533333333333333
963,Watch Tracy,Animation,5,15,33.85,2005-08-22 17:48:28,4.466666666666667
510,Lawless Vision,Animation,4,15,76.86,2006-02-14 15:16:03,4.0
925,United Pilot,Documentary,5,15,43.85,2005-08-21 21:50:51,4.133333333333333
535,Love Suicides,Horror,4,15,22.85,2005-08-23 18:23:11,4.333333333333333
542,Lust Lock,Action,6,15,74.82,2006-02-14 15:16:03,3.0769230769230766
908,Trap Guys,Foreign,4,15,119.85,2005-08-22 23:48:56,4.933333333333333
552,Majestic Floats,Documentary,4,15,36.85,2005-08-22 02:04:38,5.6
226,Destiny Saturday,New,5,15,91.85,2005-08-21 02:56:52,3.6666666666666665
570,Mermaid Insects,Sports,5,15,94.85,2005-08-22 07:04:25,4.6
446,Hysterical Grail,Sports,4,15,87.85,2005-08-21 07:29:05,3.8666666666666663
448,Idaho Love,New,5,15,68.85,2005-08-20 08:27:27,3.333333333333333
606,Mummy Creatures,Sports,6,15,55.85,2006-02-14 15:16:03,5.2142857142857135
611,Musketeers Wait,Classics,6,15,82.85,2005-08-21 02:23:25,3.8666666666666663
859,Sugar Wonka,Animation,6,15,93.85,2005-08-23 03:03:53,3.333333333333333
999,Zoolander Fiction,Children,5,15,66.85,2005-08-23 08:48:43,5.133333333333333
626,Noon Papi,Children,4,15,60.85,2005-08-20 12:33:36,4.6
85,Bonnie Holocaust,Documentary,4,15,31.85,2005-08-21 07:59:47,3.6
971,Whale Bikini,Foreign,4,15,113.85,2005-08-23 20:08:18,5.6
844,Steers Armageddon,Sports,4,15,85.85,2005-08-22 23:11:59,4.466666666666667
7,Airplane Sierra,Comedy,5,15,82.85,2005-08-22 17:18:05,3.9333333333333327
50,Baked Cleopatra,Family,5,15,76.85,2006-02-14 15:16:03,4.285714285714286
169,Comforts Rush,Travel,4,15,69.85,2005-08-19 16:50:50,3.8666666666666663
678,Pickup Driving,Sports,4,15,93.85,2005-08-20 12:11:28,5.4
688,Polish Brooklyn,Children,4,15,18.85,2005-08-23 13:48:34,4.466666666666667
693,Potter Connecticut,Animation,5,15,62.85,2005-08-22 01:20:19,4.6
308,Ferris Mother,Comedy,4,15,70.85,2005-08-22 21:39:45,3.533333333333333
696,Pride Alamo,Animation,5,15,17.85,2006-02-14 15:16:03,2.7857142857142856
265,Dying Maker,Comedy,4,15,83.85,2005-08-21 16:52:03,3.733333333333333
704,Pure Runner,Comedy,5,15,89.85,2006-02-14 15:16:03,5.642857142857143
717,Rear Trading,Action,4,15,27.85,2005-08-22 21:15:46,4.7333333333333325
797,Silence Kane,Music,5,15,15.85,2005-08-22 20:55:56,4.533333333333333
299,Factory Dragon,Travel,4,15,30.85,2005-08-19 20:55:23,3.333333333333333
796,Sierra Divide,Sports,5,15,57.85,2005-08-23 10:35:45,5.066666666666666
458,Indian Love,Family,6,15,46.85,2005-08-23 16:50:43,5.066666666666666
333,Freaky Pocus,Music,4,14,43.86,2005-08-22 18:57:39,3.428571428571429
110,Cabin Flash,Children,4,14,39.86,2005-08-21 15:57:25,5.142857142857143
203,Daisy Menagerie,Sci-Fi,4,14,85.86,2005-08-22 18:21:04,4.357142857142857
913,Troopers Metal,New,6,14,46.86,2005-08-23 07:25:29,4.571428571428571
381,Grinch Massage,Games,5,14,76.86,2005-08-22 14:41:05,4.785714285714286
956,Wanda Chamber,Games,4,14,76.86,2006-02-14 15:16:03,4.923076923076923
70,Bikini Borrowers,Animation,4,14,79.86,2005-08-22 20:03:46,5.285714285714286
795,Siege Madre,Family,4,14,16.86,2005-08-23 06:33:26,4.785714285714286
854,Strangers Graffiti,Horror,4,14,104.86,2005-08-23 11:17:26,5.857142857142857
42,Artist Coldblooded,Sports,4,14,59.86,2005-08-22 19:44:53,4.928571428571429
592,Monster Spartacus,Music,4,14,48.86,2006-02-14 15:16:03,4.384615384615385
620,Nemo Campus,Sci-Fi,5,14,59.86,2005-08-23 03:03:40,4.285714285714286
878,Teen Apollo,Travel,4,14,109.86,2005-08-21 03:32:03,4.857142857142857
618,Necklace Outbreak,Drama,4,14,36.86,2005-08-23 09:35:34,3.6428571428571432
201,Cyclone Family,Foreign,4,14,43.87,2006-02-14 15:16:03,4.461538461538462
186,Craft Outfield,Drama,4,14,18.86,2005-08-21 10:19:25,3.8571428571428568
969,West Lion,Drama,4,14,92.86,2005-08-22 07:51:47,4.642857142857143
111,Caddyshack Jedi,Action,4,14,46.86,2005-08-23 14:27:07,4.428571428571429
600,Motions Details,Horror,4,14,25.87,2006-02-14 15:16:03,3.8461538461538463
862,Summer Scarface,Classics,5,14,32.86,2006-02-14 15:16:03,5.0
820,Sons Interview,Animation,6,14,75.85,2006-02-14 15:16:03,4.75
40,Army Flintstones,Documentary,4,14,36.86,2005-08-22 18:27:33,4.571428571428571
532,Loser Hustler,Sports,4,14,83.86,2005-08-23 01:25:30,4.928571428571429
58,Beach Heartbreakers,Documentary,4,14,55.86,2005-08-23 15:29:17,4.857142857142857
398,Hanover Galaxy,Music,4,14,81.86,2005-08-20 18:42:40,3.6428571428571432
788,Ship Wonderland,Documentary,4,14,44.86,2005-08-22 01:35:37,2.7857142857142856
942,Vietnam Smoochy,Drama,4,14,21.86,2005-08-21 19:54:11,4.571428571428571
455,Impossible Prejudice,Foreign,4,14,74.86,2005-08-22 15:57:38,4.5
557,Manchurian Curtain,Family,5,14,59.86,2005-08-23 21:10:24,4.857142857142857
229,Devil Desire,Action,4,14,78.86,2006-02-14 15:16:03,4.615384615384616
784,Shanghai Tycoon,Travel,6,14,43.86,2005-08-21 19:01:36,3.2857142857142856
453,Image Princess,Sports,5,14,76.86,2005-08-23 17:57:28,4.428571428571429
561,Mask Peach,New,4,14,49.86,2005-08-22 15:56:42,4.357142857142857
809,Slipper Fidelity,Sports,4,14,24.86,2005-08-20 05:59:05,4.5
830,Spirit Flintstones,Horror,4,14,14.86,2005-08-20 23:18:54,3.5714285714285716
679,Pilot Hoosiers,Family,4,14,51.86,2005-08-20 05:50:05,4.7142857142857135
251,Dragonfly Strangers,New,5,14,80.86,2006-02-14 15:16:03,4.230769230769231
894,Tomatoes Hellfighters,Travel,5,14,19.86,2005-08-21 14:11:19,3.928571428571429
988,Worker Tarzan,Travel,5,14,47.86,2005-08-22 19:54:26,4.857142857142857
526,Lock Rear,Travel,4,14,42.86,2005-08-23 03:52:36,3.0714285714285716
987,Words Hunter,Music,4,14,73.86,2005-08-22 18:59:01,4.571428571428571
832,Splash Gump,Family,4,14,33.86,2005-08-22 09:49:32,5.285714285714286
24,Analyze Hoosiers,Horror,4,14,55.86,2005-08-22 17:58:27,5.142857142857143
840,Stampede Disturbing,Games,4,14,32.86,2005-08-23 06:19:51,4.642857142857143
757,Sagebrush Clueless,Documentary,5,14,83.86,2005-08-23 12:43:30,6.142857142857143
365,Gold River,Comedy,4,14,94.86,2005-08-22 19:44:59,4.785714285714286
385,Groundhog Uncut,Comedy,5,14,78.86,2006-02-14 15:16:03,4.615384615384616
744,Roots Remember,Classics,5,14,37.86,2005-08-23 16:27:24,4.785714285714286
655,Panther Reds,Sci-Fi,6,14,83.86,2005-08-22 17:22:41,4.642857142857143
652,Pajama Jawbreaker,Classics,4,14,39.86,2005-08-21 23:47:16,4.071428571428571
648,Outlaw Hanky,Travel,6,14,73.86,2006-02-14 15:16:03,4.461538461538462
774,Searchers Wait,Comedy,4,14,75.86,2005-08-20 21:26:55,4.571428571428571
152,Circus Youth,Children,4,14,53.86,2005-08-23 12:41:07,4.428571428571429
529,Lonely Elephant,Comedy,4,13,65.87,2005-08-21 16:44:32,4.153846153846153
478,Jaws Harry,Comedy,5,13,59.87,2005-08-21 12:07:25,4.538461538461538
430,Hook Chariots,Animation,4,13,17.87,2005-08-23 10:35:51,4.692307692307692
133,Chamber Italian,Music,4,13,65.88,2006-02-14 15:16:03,6.166666666666666
536,Lovely Jingle,Classics,5,13,62.87,2006-02-14 15:16:03,3.9166666666666665
917,Tuxedo Mile,Sports,5,13,76.87,2006-02-14 15:16:03,5.5
272,Edge Kissing,Drama,4,13,79.87,2005-08-23 20:41:09,4.461538461538462
173,Confessions Maguire,Drama,5,13,70.87,2005-08-22 15:21:56,4.307692307692308
544,Madison Trap,Documentary,4,13,64.87,2005-08-22 12:24:55,5.307692307692308
546,Madre Gables,Games,4,13,47.87,2005-08-23 11:15:20,6.230769230769231
907,Translation Summer,Drama,4,13,25.87,2005-08-20 11:37:56,3.615384615384616
900,Town Ark,Foreign,4,13,46.87,2005-08-22 18:05:21,3.8461538461538463
739,Rocky War,Drama,5,13,88.87,2005-08-22 20:41:53,4.384615384615385
348,Gandhi Kwai,Family,4,13,16.87,2005-08-22 05:07:17,5.0
568,Memento Zoolander,Comedy,4,13,88.87,2005-08-22 21:01:25,4.923076923076923
287,Entrapment Satisfaction,Action,4,13,42.87,2005-08-23 09:02:03,6.0
137,Charade Duffel,Sci-Fi,4,13,66.87,2005-08-23 22:20:40,4.230769230769231
992,Wrath Mile,Documentary,4,13,22.87,2005-08-22 20:31:38,4.0
27,Anonymous Human,Sports,4,13,17.87,2005-08-20 00:18:15,4.461538461538462
588,Model Fish,Children,4,13,76.87,2005-08-21 17:30:17,3.307692307692308
599,Mother Oleander,Sports,5,13,63.87,2005-08-23 15:59:51,6.307692307692308
749,Rules Human,Horror,4,13,78.87,2005-08-22 06:53:21,5.615384615384616
258,Drums Dynamite,Horror,4,13,24.87,2005-08-22 23:51:23,5.461538461538462
615,Nash Chocolat,Animation,4,13,58.87,2005-08-22 06:19:37,5.692307692307692
858,Submarine Bed,Comedy,4,13,78.87,2005-08-21 10:22:51,3.8461538461538463
765,Saturn Name,Comedy,4,13,70.87,2005-08-23 18:36:44,4.846153846153847
629,Notorious Reunion,Documentary,4,13,24.87,2005-08-22 10:58:45,6.538461538461538
855,Streak Ridgemont,Documentary,4,13,17.87,2006-02-14 15:16:03,4.916666666666666
634,Odds Boogie,Family,4,13,19.87,2005-08-23 14:01:07,4.846153846153847
260,Dude Blindness,Sports,4,13,90.87,2005-08-23 07:10:22,3.8461538461538463
847,Stock Glass,New,4,13,42.87,2005-08-23 09:23:08,3.230769230769231
373,Graduate Lord,Children,5,13,42.87,2005-08-22 06:30:10,4.461538461538462
84,Boiled Dares,Travel,4,13,66.87,2005-08-21 04:30:47,3.9230769230769234
793,Shrunk Divine,Action,4,13,46.87,2005-08-23 18:51:41,4.692307692307692
68,Betrayed Rear,Children,4,13,79.87,2005-08-21 04:29:11,4.384615384615385
153,Citizen Shrek,Sci-Fi,4,13,21.87,2005-08-23 09:09:18,4.769230769230769
783,Shane Darkness,Travel,4,13,52.87,2005-08-22 07:32:23,5.153846153846153
667,Peach Innocent,Sports,4,13,80.86,2006-02-14 15:16:03,5.333333333333333
81,Blindness Gun,Sci-Fi,4,13,71.87,2005-08-23 09:41:28,5.0
673,Personal Ladybugs,Music,4,13,43.87,2005-08-22 15:30:25,4.769230769230769
732,Rings Heartbreakers,Action,4,13,31.87,2005-08-23 02:55:42,5.769230769230769
452,Illusion Amelie,Foreign,4,13,34.87,2005-08-23 22:42:48,4.538461538461538
829,Spinal Rocky,Family,5,13,39.87,2005-08-23 09:38:17,5.307692307692308
686,Pluto Oleander,New,4,13,73.87,2005-08-21 13:52:54,3.7692307692307687
205,Dances None,Action,4,13,28.87,2006-02-14 15:16:03,3.6363636363636367
179,Conquerer Nuts,Drama,4,13,84.87,2005-08-22 21:29:14,4.230769230769231
423,Hollywood Anonymous,Children,4,13,13.87,2005-08-21 01:10:29,3.7692307692307687
232,Dirty Ace,Games,5,13,47.87,2005-08-21 18:35:44,4.538461538461538
946,Virtual Spoilers,Family,4,13,105.87,2005-08-23 13:22:56,5.538461538461538
190,Creepers Kane,Classics,4,13,77.87,2005-08-23 01:15:07,4.0
505,Labyrinth League,Children,4,13,41.87,2005-08-22 21:41:40,3.7692307692307687
708,Quills Bull,Documentary,4,13,77.87,2005-08-23 08:51:21,3.692307692307692
511,Lawrence Love,Action,5,13,15.87,2005-08-23 21:45:02,3.9230769230769234
16,Alley Evolution,Foreign,4,13,46.87,2005-08-22 07:10:26,4.769230769230769
379,Greedy Roots,Drama,4,13,14.87,2005-08-23 18:01:31,2.6923076923076925
219,Deep Crusade,Documentary,4,13,75.87,2006-02-14 15:16:03,5.583333333333333
927,Uprising Uptown,Action,4,13,45.87,2005-08-23 16:54:09,4.384615384615385
480,Jeepers Wedding,Classics,4,13,70.87,2005-08-23 03:13:01,5.0
921,Uncut Suicides,Music,4,13,42.87,2005-08-23 05:04:33,6.153846153846153
241,Donnie Alley,Animation,4,13,34.87,2005-08-22 16:08:23,4.384615384615385
882,Tenenbaums Command,Drama,4,12,19.88,2005-08-22 21:13:51,2.583333333333333
394,Hamlet Wisdom,Sci-Fi,4,12,39.88,2005-08-20 10:31:01,5.5
573,Microcosmos Paradise,Children,4,12,43.88,2005-08-23 22:14:31,5.166666666666666
916,Turn Star,Animation,4,12,56.88,2005-08-22 16:06:23,3.25
442,Hunting Musketeers,Family,3,12,40.88,2005-08-23 16:18:25,4.166666666666666
962,Wasteland Divine,Classics,4,12,40.88,2005-08-21 11:20:21,4.583333333333333
792,Shrek License,Foreign,3,12,37.88,2006-02-14 15:16:03,3.0
929,Usual Untouchables,Foreign,4,12,65.88,2005-08-23 16:08:15,3.25
347,Games Bowfinger,Travel,4,12,62.88,2005-08-23 02:33:27,3.583333333333333
207,Dangerous Uptown,Foreign,4,12,66.88,2005-08-23 10:32:52,5.583333333333333
896,Tootsie Pilot,Children,4,12,28.88,2005-08-22 18:48:42,3.5
828,Spiking Element,Classics,4,12,38.88,2005-08-22 13:03:52,4.25
98,Bright Encounters,Drama,3,12,87.88,2005-08-22 05:16:16,5.083333333333333
296,Express Lonely,Sci-Fi,4,12,42.88,2005-08-23 16:22:20,3.333333333333333
919,Tycoon Gathering,Games,4,12,103.88,2005-08-23 06:18:43,5.916666666666666
209,Darkness War,Drama,4,12,45.88,2005-08-22 00:40:49,5.25
71,Bilko Anonymous,Family,4,12,94.88,2005-08-23 14:55:47,4.666666666666666
736,Robbery Bright,Family,4,12,32.88,2005-08-21 21:27:24,4.25
711,Raging Airplane,Sci-Fi,4,12,77.88,2005-08-23 02:51:27,4.083333333333333
821,Sorority Queen,Foreign,4,12,19.88,2005-08-21 15:24:24,3.5
426,Home Pity,Music,3,12,66.88,2005-08-21 09:39:50,5.5
440,Hunger Roof,Foreign,4,12,19.88,2006-02-14 15:16:03,5.7272727272727275
813,Smoochy Control,Sports,4,12,14.88,2006-02-14 15:16:03,4.545454545454546
867,Super Wyoming,Family,4,12,78.88,2005-08-20 17:58:00,5.333333333333333
291,Evolution Alter,Sports,4,12,26.88,2005-08-20 20:07:15,4.75
34,Arabia Dogma,Horror,4,12,21.88,2005-08-20 07:47:05,3.75
63,Bedazzled Married,Family,4,12,14.88,2005-08-23 20:44:36,3.5
770,Scissorhands Slums,Foreign,3,12,42.88,2005-08-22 05:59:59,2.75
617,Natural Stock,Family,3,12,31.88,2005-08-23 11:02:00,4.333333333333333
216,Day Unfaithful,New,5,12,93.88,2006-02-14 15:16:03,5.636363636363637
957,War Notting,Foreign,5,12,65.88,2005-08-23 00:11:52,4.833333333333333
798,Silverado Goldfinger,Sci-Fi,4,12,91.88,2006-02-14 15:16:03,6.181818181818182
88,Born Spinal,Travel,4,12,59.88,2005-08-23 13:45:44,3.583333333333333
968,Werewolf Lola,Action,3,12,68.88,2005-08-23 20:00:30,4.583333333333333
493,Kane Exorcist,Foreign,3,12,13.88,2005-08-21 02:04:33,2.916666666666667
360,Glass Dying,Action,4,12,35.88,2005-08-23 15:58:05,4.916666666666666
762,Sassy Packer,Games,4,12,14.88,2005-08-22 21:19:24,3.8333333333333326
449,Identity Lover,Sci-Fi,4,12,56.88,2005-08-21 13:55:39,5.0
705,Purple Movie,Foreign,4,12,52.88,2005-08-23 18:44:21,3.75
589,Modern Dorado,Documentary,4,12,42.88,2005-08-23 14:31:50,5.166666666666666
9,Alabama Devil,Horror,5,12,71.88,2005-08-23 14:26:51,5.25
794,Side Ark,Action,4,12,29.88,2005-08-23 15:01:54,5.75
581,Minority Kiss,Music,3,12,27.89,2006-02-14 15:16:03,4.636363636363637
328,Forever Candidate,Children,4,12,40.88,2005-08-23 19:35:42,4.083333333333333
293,Exorcist Sting,Sports,5,12,49.88,2005-08-21 09:49:28,5.083333333333333
654,Panky Submarine,Games,4,12,86.88,2005-08-19 09:34:02,5.583333333333333
842,State Wasteland,Games,4,12,55.89,2006-02-14 15:16:03,4.909090909090909
323,Flight Lies,Sports,4,12,68.88,2005-08-21 02:14:03,6.833333333333333
658,Paris Weekend,Horror,4,12,40.88,2005-08-23 07:23:29,5.416666666666666
213,Date Speed,Family,4,12,41.88,2005-08-21 16:32:32,5.166666666666666
660,Party Knock,Comedy,4,12,41.88,2005-08-23 17:44:53,5.0
661,Past Suicides,Foreign,4,12,66.88,2005-08-20 21:50:11,3.75
321,Flash Wars,New,4,12,87.88,2005-08-23 15:21:35,4.583333333333333
932,Valley Packer,Comedy,4,12,49.88,2005-08-22 01:10:32,5.166666666666666
886,Theory Mermaid,Animation,4,11,30.88,2006-02-14 15:16:03,5.1
151,Cincinatti Whisperer,Sci-Fi,4,11,71.89,2006-02-14 15:16:03,5.7
597,Moonwalker Fool,Games,4,11,75.89,2006-02-14 15:16:03,5.5
888,Thin Sagebrush,Documentary,4,11,73.89,2005-08-21 19:19:21,5.090909090909091
3,Adaptation Holes,Documentary,4,11,34.89,2005-08-23 13:54:39,3.0
250,Dragon Squad,Action,4,11,27.89,2005-08-23 18:28:09,4.363636363636364
729,Rider Caddyshack,Sports,4,11,48.89,2005-08-22 17:00:31,5.090909090909091
977,Window Side,Travel,3,11,50.89,2006-02-14 15:16:03,4.0
825,Speakeasy Date,Action,3,11,41.89,2005-08-21 17:48:49,4.545454545454546
933,Vampire Whale,New,3,11,69.89,2005-08-22 01:52:26,4.090909090909091
577,Mile Mulan,Sports,3,11,33.89,2005-08-21 13:22:48,5.0
113,California Birds,Sports,4,11,73.89,2005-08-23 12:46:38,4.545454545454546
337,Frida Slipper,Foreign,4,11,40.9,2006-02-14 15:16:03,5.0
177,Connecticut Tramp,Sci-Fi,3,11,75.89,2005-08-22 06:23:54,4.8181818181818175
994,Wyoming Storm,New,3,11,61.89,2005-08-23 18:31:40,3.6363636363636367
872,Sweet Brotherhood,Travel,3,11,58.89,2005-08-23 19:35:42,4.2727272727272725
202,Daddy Pittsburgh,Comedy,3,11,63.89,2005-08-22 01:17:16,4.636363636363637
290,Everyone Craft,Foreign,3,11,22.89,2005-08-23 22:24:39,3.272727272727273
593,Monterey Labyrinth,Horror,4,11,19.89,2005-08-22 07:16:45,3.8181818181818175
74,Birch Antitrust,Music,5,11,74.89,2005-08-23 10:56:15,4.909090909090909
538,Loverboy Attacks,New,3,11,16.89,2005-08-21 01:44:14,4.8181818181818175
519,Liberty Magnificent,Sports,4,11,67.89,2005-08-23 06:03:31,5.2727272727272725
65,Behavior Runaway,Horror,4,11,87.89,2005-08-22 06:46:03,5.2727272727272725
28,Anthem Luke,Comedy,3,11,63.89,2005-08-22 22:37:34,4.454545454545455
639,Opposite Necklace,Family,3,11,56.89,2006-02-14 15:16:03,3.6
756,Saddle Antitrust,Comedy,3,11,32.89,2005-08-23 19:46:39,4.363636363636364
604,Mulan Moon,Comedy,3,11,30.89,2006-02-14 15:16:03,4.6
342,Fugitive Maguire,Travel,4,11,56.89,2005-08-23 13:33:46,3.4545454545454546
5,African Egg,Family,3,11,47.89,2006-02-14 15:16:03,6.7
389,Gunfighter Mussolini,Sports,4,11,64.89,2005-08-23 03:30:45,5.090909090909091
567,Meet Chocolate,Foreign,4,11,56.89,2005-08-23 20:44:10,4.363636363636364
549,Magnolia Forrester,Action,4,11,34.89,2005-08-22 11:14:31,5.090909090909091
564,Massage Image,Animation,3,11,56.89,2005-08-21 13:53:33,5.090909090909091
92,Bowfinger Gables,Horror,4,11,56.89,2005-08-19 10:49:03,2.7272727272727275
487,Jingle Sagebrush,Classics,3,11,59.89,2005-08-23 00:37:21,3.5454545454545454
682,Pittsburgh Hunchback,Family,3,11,83.89,2005-08-22 06:37:43,6.090909090909091
722,Reef Salute,Horror,4,11,23.89,2005-08-22 16:32:23,5.090909090909091
918,Twisted Pirates,Children,4,11,66.89,2005-08-23 12:33:41,3.4545454545454546
64,Beethoven Exorcist,Drama,3,11,16.89,2005-08-20 21:21:34,4.363636363636364
194,Crow Grease,Action,4,11,14.89,2005-08-23 07:31:10,3.8181818181818175
598,Mosquito Armageddon,Sports,4,11,16.89,2006-02-14 15:16:03,4.7
928,Uptown Young,Children,3,10,29.9,2005-08-21 14:51:35,2.5
469,Iron Moon,Classics,3,10,50.9,2005-08-23 14:05:37,3.5
482,Jeopardy Encino,Classics,3,10,28.9,2005-08-20 12:59:38,4.0
145,Chisum Behavior,Family,3,10,50.9,2005-08-20 08:57:28,3.2
508,Lambs Cincinatti,Games,3,10,57.9,2005-08-22 15:53:32,4.4
509,Language Cowboy,Children,3,10,18.9,2005-08-19 07:36:42,4.4
530,Lord Arizona,Action,3,10,39.9,2006-02-14 15:16:03,4.777777777777778
533,Lost Bird,Foreign,3,10,50.9,2005-08-21 06:21:24,5.3
540,Lucky Flying,Music,3,10,32.9,2005-08-23 07:10:14,4.8
553,Maker Gables,Children,3,10,32.9,2005-08-23 21:52:56,4.6
352,Gathering Calendar,Games,4,10,19.9,2005-08-22 01:09:04,3.3
96,Breaking Home,New,3,10,41.9,2005-08-19 10:15:19,3.7
576,Mighty Luck,Documentary,3,10,31.9,2005-08-23 08:09:11,5.2
585,Mob Duffel,Drama,4,10,27.9,2005-08-23 22:50:12,4.7
339,Frogmen Breaking,Travel,3,10,16.9,2005-08-19 15:25:48,4.8
633,October Submarine,Classics,3,10,57.9,2005-08-23 18:43:31,4.9
640,Opus Ice,Foreign,3,10,60.9,2005-08-22 06:10:53,4.8
662,Paths Control,Drama,4,10,81.9,2005-08-23 16:18:12,5.4
315,Finding Anaconda,Family,3,10,26.9,2005-08-21 16:56:39,5.2
80,Blanket Beverly,Family,4,10,33.9,2006-02-14 15:16:03,6.0
312,Fiddler Lost,Sci-Fi,3,10,64.9,2005-08-23 14:12:22,4.3
692,Potluck Mixed,Animation,3,10,43.9,2005-08-23 06:48:47,3.5
700,Prix Undefeated,Family,3,10,37.9,2005-08-20 13:26:37,2.9
157,Clockwork Paradise,Children,3,10,11.9,2005-08-23 05:26:30,4.5
731,Right Cranes,Classics,3,10,52.9,2005-08-21 06:39:08,4.6
210,Darko Dorado,Action,3,10,72.9,2005-08-23 11:32:35,4.5
66,Beneath Rush,Children,3,10,16.9,2005-08-20 09:21:08,3.9
761,Santa Paris,Children,3,10,29.9,2005-08-23 20:20:37,4.2
766,Savannah Town,Drama,3,10,22.9,2005-08-22 06:07:52,4.5
780,Sensibility Rear,Family,3,10,52.9,2005-08-21 14:57:03,3.5
283,Ending Crowds,New,3,10,17.9,2005-08-21 19:09:40,4.5
60,Beast Hunchback,Classics,3,10,69.9,2005-08-22 19:28:02,3.9
277,Elephant Trojan,Horror,3,10,64.9,2005-08-22 16:15:33,4.5
276,Element Freddy,Comedy,4,10,56.9,2005-08-23 13:06:19,4.8
811,Smile Earring,Travel,3,10,58.9,2005-08-19 19:11:41,6.2
819,Song Hedwig,Music,3,10,31.9,2006-02-14 15:16:03,4.555555555555556
831,Spirited Casualties,Sci-Fi,3,10,18.9,2005-08-23 06:21:20,4.9
837,Stage World,Comedy,3,10,46.9,2005-08-21 04:49:41,4.7
848,Stone Fire,Travel,3,10,32.9,2005-08-22 22:49:13,4.7
46,Autumn Crow,Games,3,10,74.9,2005-08-21 22:25:53,4.3
853,Stranger Strangers,Children,3,10,65.9,2005-08-20 15:18:20,3.6
257,Drumline Cyclone,Travel,3,10,36.9,2005-08-21 07:56:39,4.6
881,Temple Attraction,Horror,4,10,57.9,2005-08-23 06:09:44,3.9
20,Amelie Hellfighters,Music,3,10,67.9,2005-08-23 12:07:51,4.4
931,Valentine Vanishing,Travel,3,10,12.9,2005-08-19 07:47:43,4.9
960,Wars Pluto,Documentary,3,10,42.9,2005-08-22 10:34:39,5.1
134,Champion Flatliners,Animation,3,10,62.9,2005-08-23 16:44:25,3.8
413,Hedwig Alter,Comedy,3,10,31.9,2005-08-23 08:42:40,3.7
246,Doubtfire Labyrinth,Foreign,3,9,52.91,2005-08-21 00:44:34,4.444444444444445
905,Trainspotting Strangers,Comedy,3,9,46.91,2005-08-23 19:22:36,4.888888888888888
75,Bird Independence,Travel,3,9,53.91,2005-08-23 22:13:04,5.444444444444445
899,Towers Hurricane,Classics,3,9,10.91,2005-08-18 02:37:07,3.6666666666666665
983,Won Dares,Music,3,9,28.91,2005-08-23 01:44:43,4.555555555555556
188,Crazy Home,Comedy,3,9,26.91,2005-08-22 13:20:28,3.888888888888889
740,Rollercoaster Bringing,Horror,3,9,39.91,2005-08-23 21:26:35,5.111111111111112
889,Ties Hunger,Children,3,9,69.91,2005-08-23 15:41:20,5.222222222222222
815,Snatchers Montezuma,Classics,3,9,37.91,2005-08-23 19:13:46,3.333333333333333
587,Mod Secretary,Documentary,3,9,48.91,2005-08-21 09:16:40,4.0
714,Random Go,Sci-Fi,3,9,31.91,2005-08-20 23:47:54,4.777777777777778
952,Wagon Jaws,Documentary,3,9,33.91,2005-08-21 12:10:41,6.222222222222222
824,Spartacus Cheaper,Family,4,9,60.91,2005-08-21 08:40:21,4.777777777777778
940,Victory Academy,Sports,3,9,12.91,2005-08-22 23:18:10,3.444444444444444
636,Oleander Clue,Music,3,9,24.91,2005-08-22 10:00:04,5.777777777777778
591,Monsoon Cause,Games,3,9,54.91,2005-08-19 10:33:52,5.333333333333333
306,Feathers Metal,Games,3,9,31.91,2005-08-21 17:33:18,5.0
537,Lover Truman,Classics,3,9,54.91,2005-08-21 15:44:23,5.444444444444445
726,Reservoir Adaptation,Foreign,3,9,29.91,2005-08-23 01:57:20,5.111111111111112
632,Nuts Ties,New,3,9,53.91,2005-08-23 18:43:22,4.555555555555556
630,Notting Speakeasy,Drama,3,9,12.91,2005-08-22 05:38:32,4.666666666666666
627,North Tequila,Documentary,3,9,51.91,2005-08-23 14:06:19,3.333333333333333
594,Montezuma Command,Action,3,9,11.91,2005-08-23 14:35:10,3.7777777777777777
338,Frisco Forrest,Sci-Fi,3,9,53.91,2006-02-14 15:16:03,5.625
214,Daughter Madigan,Children,4,9,69.91,2005-08-23 00:46:52,5.222222222222222
978,Wisdom Worker,Comedy,3,9,29.91,2005-08-21 03:40:40,4.555555555555556
934,Vanilla Day,Games,3,9,52.91,2005-08-21 12:47:38,5.444444444444445
76,Birdcage Casper,Music,3,9,23.91,2005-08-20 08:27:30,4.666666666666666
13,Ali Forever,Horror,4,9,54.91,2006-02-14 15:16:03,4.125
503,Kramer Chocolate,Sports,3,9,47.91,2005-08-22 11:58:58,4.333333333333333
187,Cranes Reservoir,Sports,3,9,33.91,2005-08-22 12:01:06,4.555555555555556
93,Brannigan Sunrise,New,3,9,56.91,2005-08-23 16:24:24,4.0
868,Superfly Trip,Travel,3,9,16.91,2005-08-18 18:58:35,3.6666666666666665
750,Run Pacific,New,3,9,42.91,2005-08-22 08:52:53,6.222222222222222
528,Lolita World,Family,3,9,45.91,2005-08-23 21:13:39,5.111111111111112
477,Jawbreaker Brooklyn,Music,3,9,10.91,2005-08-21 19:05:23,2.111111111111111
104,Bugsy Song,Foreign,3,9,45.91,2005-08-21 16:03:27,4.777777777777778
357,Gilbert Pelican,Classics,4,9,17.91,2005-08-23 20:28:44,6.111111111111112
550,Maguire Apache,Family,3,9,33.91,2005-08-22 12:38:20,5.0
834,Spoilers Hellfighters,Documentary,3,9,18.91,2005-08-23 10:57:40,3.888888888888889
613,Mystic Truman,Comedy,2,8,17.92,2005-08-23 16:44:56,4.75
522,Life Twisted,Comedy,2,8,37.92,2005-08-23 13:16:15,5.25
126,Casualties Encino,Action,3,8,61.92,2005-08-21 14:47:09,5.25
390,Guys Falcon,Sci-Fi,3,8,52.92,2005-08-22 04:31:50,4.875
516,Legend Jedi,Music,3,8,12.92,2005-08-21 19:12:47,5.375
515,Legally Secretary,Children,2,8,39.92,2005-08-22 15:25:33,3.0
939,Vertigo Northwest,Comedy,4,8,37.92,2005-08-23 15:38:34,4.25
136,Chaplin License,New,3,8,23.92,2005-08-20 16:02:28,3.75
826,Speed Suit,Travel,2,8,44.92,2005-08-20 14:42:34,5.5
146,Chitty Lock,Drama,3,8,28.92,2006-02-14 15:16:03,4.428571428571429
264,Dwarfs Alter,Games,2,8,28.92,2006-02-14 15:16:03,4.7142857142857135
364,Godfather Diary,New,3,8,37.92,2005-08-22 11:19:22,3.875
230,Diary Panic,Drama,2,8,24.92,2005-08-20 21:23:54,4.375
499,King Evolution,Family,2,8,59.92,2005-08-21 11:36:15,4.5
685,Platoon Instinct,New,2,8,40.92,2005-08-21 10:16:27,3.25
492,Jungle Closer,New,2,8,23.88,2005-08-19 04:27:05,6.333333333333333
721,Reds Pocus,Music,2,8,47.92,2005-08-23 21:04:51,6.625
431,Hoosiers Birdcage,Foreign,3,8,41.92,2005-08-18 00:14:03,4.375
490,Jumanji Blade,New,2,8,30.92,2005-08-19 13:56:54,3.5
393,Halloween Nuts,Documentary,2,8,29.92,2005-08-23 06:50:27,5.0
435,Hotel Happiness,Foreign,2,8,41.92,2005-08-22 19:23:58,4.25
422,Hollow Jeopardy,Sci-Fi,2,8,39.92,2005-08-22 11:49:16,3.5
223,Desire Alien,Animation,2,8,25.92,2005-08-22 16:22:53,3.875
674,Pet Haunting,Foreign,3,8,26.92,2005-08-22 08:43:50,4.5
990,World Leathernecks,Horror,2,8,24.92,2006-02-14 15:16:03,4.571428571428571
752,Runner Madigan,Music,3,8,14.92,2005-08-19 11:33:20,3.5
371,Gosford Donnie,Action,3,8,48.92,2005-08-22 07:35:31,4.0
425,Holy Tadpole,Classics,2,8,17.92,2005-08-20 08:27:01,5.25
787,Shining Roses,Travel,3,8,22.92,2005-08-23 15:05:59,4.875
384,Grosse Wonderful,Music,3,8,46.92,2005-08-21 13:54:15,4.125
225,Destination Jerk,Drama,3,8,31.92,2005-08-21 17:08:33,5.375
984,Wonderful Drop,Foreign,2,8,46.92,2005-08-22 21:24:19,5.125
454,Impact Aladdin,Music,2,8,18.92,2005-08-18 03:37:31,6.875
758,Saints Bride,Drama,3,8,31.92,2005-08-23 19:59:33,4.125
30,Anything Savannah,Horror,2,8,43.92,2005-08-22 02:09:12,5.625
876,Tarzan Videotape,Horror,2,8,40.92,2005-08-22 01:32:14,4.125
375,Grail Frankenstein,Action,2,8,40.92,2006-02-14 15:16:03,5.0
368,Gone Trouble,Drama,2,8,29.92,2005-08-22 19:16:04,5.75
208,Dares Pluto,Animation,3,8,26.92,2005-08-18 08:07:45,5.25
582,Miracle Virtual,Animation,2,8,41.92,2005-08-18 15:15:44,4.75
163,Clyde Theory,New,3,8,23.92,2005-08-23 17:49:26,5.0
256,Drop Waterfront,Sports,3,8,43.92,2005-08-22 10:39:51,4.75
565,Matrix Snowman,Foreign,2,8,40.92,2005-08-21 09:20:03,3.625
120,Caribbean Liberty,Sports,3,8,66.92,2005-08-23 00:05:57,5.75
548,Magnificent Chitty,Classics,2,8,54.92,2005-08-19 19:35:13,5.875
543,Madigan Dorado,Travel,2,8,48.92,2005-08-23 01:45:07,5.0
211,Darling Breaking,Games,2,8,44.92,2005-08-21 19:14:48,5.25
240,Dolls Rage,Sci-Fi,3,8,27.92,2005-08-22 01:00:42,6.25
923,Unfaithful Kill,Drama,3,8,26.92,2005-08-22 09:03:44,5.0
541,Luke Mummy,Animation,2,7,28.93,2005-08-21 18:35:54,4.571428571428571
779,Sense Greek,Sports,2,7,47.93,2005-08-23 17:52:01,4.0
539,Luck Opus,Drama,2,7,21.93,2005-08-19 13:09:54,4.142857142857143
656,Papi Necklace,Travel,2,7,27.93,2005-08-17 17:16:42,5.428571428571429
998,Zhivago Core,Horror,2,7,10.93,2006-02-14 15:16:03,5.333333333333333
718,Rebel Airport,Music,2,7,6.93,2005-08-23 01:59:14,4.7142857142857135
719,Records Zorro,Sports,2,7,38.93,2005-08-23 21:00:22,5.0
817,Soldiers Evolution,Sci-Fi,2,7,36.93,2005-08-20 14:06:33,2.8571428571428568
566,Maude Mod,Foreign,2,7,10.93,2005-08-19 12:04:03,4.285714285714286
124,Casper Dragonfly,Children,3,7,45.93,2005-08-21 20:01:34,3.7142857142857135
197,Crusade Honey,Sports,2,7,44.93,2005-08-23 13:01:43,6.857142857142857
106,Bulworth Commandments,Games,2,7,32.93,2005-08-22 19:17:24,5.0
289,Eve Resurrection,New,2,7,40.93,2005-08-18 19:36:05,5.0
52,Ballroom Mockingbird,Foreign,2,7,9.93,2005-08-22 15:42:57,4.571428571428571
355,Ghostbusters Elf,Animation,2,7,8.93,2005-08-23 13:24:57,4.7142857142857135
751,Runaway Tenenbaums,New,2,7,11.93,2005-08-21 06:18:22,4.7142857142857135
996,Young Language,Documentary,2,7,6.93,2005-08-23 01:50:31,4.0
161,Clue Grail,Music,2,7,40.93,2005-08-18 22:11:37,5.0
466,Intolerable Intentions,Documentary,2,7,39.93,2005-08-19 03:38:32,4.285714285714286
836,Squad Fish,Sports,3,7,27.93,2005-08-23 19:42:46,3.142857142857143
53,Bang Kwai,Family,2,7,22.93,2006-02-14 15:16:03,4.166666666666666
185,Cowboy Doom,Foreign,2,7,28.93,2005-08-22 22:28:36,2.7142857142857144
2,Ace Goldfinger,Horror,3,7,52.93,2006-02-14 15:16:03,5.333333333333333
605,Mulholland Beast,Foreign,2,7,21.93,2006-02-14 15:16:03,4.5
279,Elizabeth Shane,Sports,2,7,36.93,2005-08-21 14:51:52,4.285714285714286
866,Sunset Racer,Family,2,7,11.93,2005-08-23 09:40:04,5.0
316,Fire Wolves,Games,2,7,39.93,2005-08-20 19:19:30,4.571428571428571
523,Lights Deer,Classics,2,7,7.93,2005-08-18 13:42:14,5.142857142857143
29,Antitrust Tomatoes,Action,2,7,27.93,2005-08-21 01:31:25,5.0
547,Magic Mallrats,Children,2,7,17.93,2005-08-22 23:38:01,3.5714285714285716
926,Untouchables Sunrise,Documentary,2,7,28.93,2005-08-20 16:37:35,4.571428571428571
622,Newsies Story,Documentary,2,7,22.93,2005-08-23 10:04:17,5.0
47,Baby Hall,Foreign,2,7,40.93,2005-08-22 03:47:39,4.571428571428571
82,Blood Argonauts,Family,2,7,30.93,2005-08-22 00:51:25,5.571428571428571
401,Harold French,Drama,2,7,8.93,2005-08-21 22:27:11,2.428571428571429
935,Vanished Garden,New,2,7,14.94,2006-02-14 15:16:03,5.833333333333333
703,Punk Divorce,Animation,2,7,41.93,2005-08-20 16:51:18,4.285714285714286
822,Soup Wisdom,Family,2,7,11.93,2005-08-20 22:40:47,3.5714285714285716
653,Panic Club,Horror,2,7,51.93,2005-08-22 17:32:57,4.7142857142857135
472,Italian African,Travel,2,6,38.94,2005-08-23 16:19:14,3.5
297,Extraordinary Conquerer,Classics,2,6,22.94,2005-08-23 07:28:04,4.833333333333333
799,Simon North,Horror,2,6,18.94,2005-08-23 01:22:12,4.333333333333333
808,Sling Luke,Classics,2,6,14.94,2005-08-18 20:20:59,4.666666666666666
156,Clerks Angels,Documentary,2,6,45.94,2005-08-21 04:49:48,5.166666666666666
268,Early Home,Animation,2,6,36.94,2005-08-21 17:57:26,5.833333333333333
168,Comancheros Enemy,Children,2,6,9.94,2005-08-23 22:25:26,2.833333333333333
695,President Bang,Family,2,6,35.94,2005-08-21 08:33:42,4.666666666666666
684,Pizza Jumanji,Games,2,6,25.94,2005-08-21 06:20:14,4.833333333333333
675,Phantom Glory,New,2,6,21.94,2005-08-19 05:11:47,3.6666666666666665
839,Stallion Sundance,Sci-Fi,2,6,7.94,2005-08-23 07:13:43,2.833333333333333
659,Park Citizen,Action,2,6,48.94,2005-08-20 20:26:53,5.333333333333333
262,Dumbo Lust,Family,2,6,13.94,2005-08-23 05:55:22,4.333333333333333
261,Duffel Apocalypse,Documentary,2,6,5.94,2005-08-21 00:21:29,1.6666666666666667
635,Oklahoma Jumanji,New,2,6,5.94,2005-08-23 03:44:30,4.833333333333333
372,Graceland Dynamite,Sports,2,6,37.94,2005-08-17 07:46:54,4.833333333333333
340,Frontier Cabin,New,2,6,35.94,2005-08-21 05:51:28,5.833333333333333
224,Desperate Trainspotting,Travel,2,6,31.94,2005-08-22 00:34:17,3.8333333333333326
883,Tequila Past,Children,2,6,32.94,2005-08-22 07:48:01,2.666666666666667
884,Terminator Club,Music,3,6,39.94,2005-08-22 06:49:15,5.833333333333333
885,Texas Watch,Horror,2,6,5.94,2005-08-21 21:02:22,2.666666666666667
182,Control Anthem,Comedy,2,6,31.94,2005-08-22 17:47:40,4.833333333333333
569,Menagerie Rushmore,Animation,2,6,18.94,2005-08-23 01:38:48,5.0
248,Dozen Lion,Documentary,2,6,31.94,2005-08-22 23:54:36,3.333333333333333
102,Bubble Grosse,Sports,2,6,35.94,2006-02-14 15:16:03,3.8
910,Treatment Jekyll,Drama,2,6,6.94,2005-08-21 04:09:18,2.0
965,Watership Frontier,Horror,2,6,13.94,2005-08-22 11:48:19,5.666666666666666
196,Cruelty Unforgiven,Classics,2,6,6.94,2005-08-23 02:39:37,3.333333333333333
520,License Weekend,Sci-Fi,2,6,17.94,2005-08-20 05:10:39,2.166666666666667
517,Lesson Cleopatra,Sports,2,6,22.94,2005-08-23 03:58:02,5.166666666666666
513,Leathernecks Dwarfs,Travel,2,6,21.94,2005-08-18 07:16:58,4.166666666666666
507,Ladybugs Armageddon,Games,2,6,17.94,2005-08-22 04:15:48,5.0
947,Vision Torque,Foreign,2,6,11.94,2005-08-22 16:35:47,3.8333333333333326
498,Killer Innocent,Family,2,6,21.94,2005-08-19 23:37:52,6.0
959,Warlock Werewolf,Children,2,6,21.94,2005-08-19 13:12:28,3.8333333333333326
485,Jersey Sassy,Children,3,6,39.94,2005-08-18 23:21:50,5.5
399,Happiness United,Foreign,2,6,22.94,2006-02-14 15:16:03,4.6
475,Japanese Run,Horror,2,6,7.94,2005-08-23 14:43:15,4.0
405,Haunted Antitrust,Travel,2,6,31.94,2006-02-14 15:16:03,4.0
407,Hawk Chill,Documentary,2,6,12.94,2005-08-20 20:42:12,4.166666666666666
470,Ishtar Rocketeer,Animation,2,6,42.94,2005-08-22 18:03:11,5.0
411,Heavenly Gun,Music,2,6,32.94,2005-08-19 09:48:52,3.8333333333333326
974,Wild Apollo,New,2,6,15.94,2006-02-14 15:16:03,4.2
125,Cassidy Wyoming,Travel,2,6,23.94,2005-08-23 19:14:07,5.166666666666666
62,Bed Highball,Documentary,2,6,24.94,2005-08-18 17:34:11,4.833333333333333
769,School Jacket,Foreign,2,6,35.94,2005-08-21 09:25:11,4.666666666666666
997,Youth Kick,Music,2,6,16.94,2005-08-18 17:31:36,4.666666666666666
754,Rushmore Mermaid,Comedy,2,6,18.94,2005-08-22 01:58:15,3.0
278,Elf Murder,Music,2,6,34.94,2005-08-21 08:08:43,3.333333333333333
107,Bunch Minds,Drama,2,5,25.95,2005-08-21 16:05:11,5.4
310,Fever Empire,Games,2,5,33.95,2005-08-18 15:32:57,5.2
32,Apocalypse Flamingos,New,2,5,24.95,2005-08-23 03:50:48,3.2
335,Freedom Cleopatra,Comedy,2,5,5.95,2005-08-21 12:48:08,2.4
903,Traffic Hobbit,Travel,2,5,24.95,2005-08-21 16:24:45,2.8
558,Mannequin Worst,New,2,5,23.95,2005-08-22 17:49:35,4.0
699,Private Drop,Games,2,5,26.95,2005-08-19 23:48:23,4.2
343,Full Flatliners,Children,2,5,16.95,2005-08-21 13:32:38,3.4
180,Conspiracy Spirit,Classics,2,5,16.95,2005-08-18 12:58:40,3.6
362,Glory Tracy,Games,2,5,14.95,2005-08-23 04:33:39,3.4
237,Divorce Shining,Sports,2,5,21.95,2005-08-22 10:13:09,3.6
612,Mussolini Spoilers,Sports,2,5,15.95,2005-08-19 20:53:43,3.6
259,Duck Racer,Animation,2,5,20.95,2005-08-23 07:50:46,4.0
178,Connection Microcosmos,Comedy,2,5,8.95,2006-02-14 15:16:03,5.75
781,Seven Swarm,Games,2,5,30.95,2005-08-23 04:28:25,4.0
238,Doctor Grail,Children,2,5,23.95,2005-08-20 19:04:40,4.2
459,Informer Double,Foreign,2,5,27.95,2005-08-22 16:26:53,2.8
441,Hunter Alter,Documentary,2,5,24.95,2005-08-23 16:44:31,6.2
94,Braveheart Human,Family,2,5,16.95,2005-08-20 16:05:11,3.4
904,Train Bunch,Horror,2,4,24.96,2005-08-23 21:56:04,3.0
584,Mixed Doors,Foreign,2,4,15.96,2005-08-21 18:34:21,5.75
400,Hardly Robbers,Documentary,2,4,15.96,2005-08-22 20:44:06,6.5
